index,Date/Time,Pressure [hPa],Rel Humidity [%],40m Wind Speed [m/s],40m Wind Speed Dispersion [m/s],40m Wind Direction [°],100m Wind Speed [m/s],100m Wind Speed Dispersion [m/s],100m Wind Direction [°],200m Wind Speed [m/s],200m Wind Speed Dispersion [m/s],200m Wind Direction [°]
0,11/01/2017 20:00:00,1011.1,51.1,3.5,0.21,26.7,3.74,0.12,21.0,4.72,0.16,18.6
1,11/01/2017 20:10:00,1011.2,52.2,3.43,0.15,29.4,3.51,0.15,18.5,4.81,0.21,26.7
2,11/01/2017 20:20:00,1011.3,50.6,3.59,0.12,27.2,3.67,0.14,14.1,4.88,0.18,25.5
3,11/01/2017 20:30:00,1011.3,52.7,3.52,0.13,24.5,3.6,0.1,15.4,5.12,0.17,23.9
4,11/01/2017 20:40:00,1011.3,51.8,3.62,0.15,21.1,3.77,0.1,13.9,5.27,0.15,20.6
5,11/01/2017 20:50:00,1011.3,51.2,3.55,0.15,17.7,3.9,0.09,10.4,5.51,0.15,15.5
6,11/01/2017 21:00:00,1011.4,998.0,3.57,0.19,14.5,4.08,0.11,5.3,5.74,0.26,19.0
7,11/01/2017 21:10:00,1011.5,998.0,3.25,0.41,16.1,3.93,0.24,8.1,5.58,0.27,25.3
8,11/01/2017 21:20:00,1011.5,998.0,2.92,0.2,6.7,3.98,0.29,16.0,5.89,0.4,22.2
9,11/01/2017 21:30:00,1011.5,998.0,2.58,0.21,1.5,3.5,0.31,15.0,6.15,0.21,25.8
10,11/01/2017 21:40:00,1011.5,998.0,2.34,0.23,348.4,3.43,0.33,998.0,6.45,0.43,23.0
11,11/01/2017 21:50:00,1011.5,998.0,2.65,0.36,352.4,3.85,0.36,10.6,7.45,0.38,24.7
12,11/01/2017 22:00:00,1011.6,998.0,2.88,0.4,355.0,4.35,0.65,13.9,7.86,0.5,30.8
13,11/01/2017 22:10:00,1011.5,998.0,3.15,0.5,0.6,4.93,0.52,20.2,7.4,0.28,35.7
14,11/01/2017 22:20:00,1011.5,998.0,3.89,0.54,1.1,5.69,0.65,17.8,7.4,0.51,32.7
15,11/01/2017 22:30:00,1011.4,52.0,3.9,0.47,4.4,5.91,0.46,20.1,8.02,0.38,34.2
16,11/01/2017 22:40:00,1011.4,52.4,3.58,0.36,359.7,5.25,0.31,19.4,7.74,0.29,37.9
17,11/01/2017 22:50:00,1011.4,52.9,3.8,0.27,358.2,4.96,0.31,12.3,7.09,0.37,34.7
18,11/01/2017 23:00:00,1011.4,52.9,3.43,0.46,359.4,4.76,0.49,16.2,7.35,0.45,42.7
19,11/01/2017 23:10:00,1011.3,50.4,3.55,0.4,355.8,4.44,0.29,10.7,6.99,0.44,39.4
20,11/01/2017 23:20:00,1011.3,51.1,3.65,0.34,351.8,4.46,0.2,7.4,6.84,0.26,37.7
21,11/01/2017 23:30:00,1011.2,52.2,3.47,0.5,355.8,4.36,0.25,10.1,6.74,0.4,32.9
22,11/01/2017 23:40:00,1011.1,51.6,3.76,0.34,352.0,4.07,0.45,4.3,6.94,0.28,36.1
23,11/01/2017 23:50:00,1011.1,50.9,3.95,0.38,356.4,4.59,0.61,13.5,7.62,0.54,32.2
24,11/02/2017 00:00:00,1011.0,50.0,3.95,0.48,352.9,4.54,0.26,7.8,7.42,0.41,31.0
25,11/02/2017 00:10:00,1010.9,47.6,4.29,0.39,357.4,4.77,0.38,9.7,7.59,0.19,32.9
26,11/02/2017 00:20:00,1010.9,48.4,3.99,0.32,356.0,4.3,0.32,3.9,7.25,0.46,29.3
27,11/02/2017 00:30:00,1010.8,48.5,4.43,0.39,358.2,4.85,0.52,5.5,7.44,0.32,31.1
28,11/02/2017 00:40:00,1010.7,49.1,4.37,0.42,359.1,4.73,0.4,3.5,7.66,0.3,32.3
29,11/02/2017 00:50:00,1010.7,49.3,4.31,0.32,359.1,4.98,0.23,7.5,7.43,0.21,34.5
30,11/02/2017 01:00:00,1010.6,49.8,4.28,0.39,359.9,4.95,0.31,8.6,7.68,0.27,32.3
31,11/02/2017 01:10:00,1010.6,51.0,4.38,0.41,1.1,4.67,0.38,8.9,7.68,0.27,33.0
32,11/02/2017 01:20:00,1010.6,52.7,4.29,0.33,6.6,4.91,0.41,15.4,7.67,0.32,35.8
33,11/02/2017 01:30:00,1010.5,51.0,4.67,0.36,9.5,5.62,0.3,16.0,7.27,0.24,42.6
34,11/02/2017 01:40:00,1010.4,50.6,4.54,0.39,11.5,5.62,0.33,20.8,7.36,0.54,49.0
35,11/02/2017 01:50:00,1010.3,50.8,4.98,0.46,11.0,5.79,0.3,17.2,6.72,0.3,41.7
36,11/02/2017 02:00:00,1010.3,46.3,6.12,0.52,10.3,6.87,0.49,12.7,7.15,0.95,29.0
37,11/02/2017 02:10:00,1010.3,47.7,6.14,0.82,22.5,6.73,0.83,23.8,9.05,0.95,29.3
38,11/02/2017 02:20:00,1010.2,50.1,5.8,0.51,24.8,6.65,0.66,28.8,9.56,0.52,33.7
39,11/02/2017 02:30:00,1010.2,51.4,5.24,0.47,30.8,6.16,0.7,37.6,8.86,0.73,41.1
40,11/02/2017 02:40:00,1010.1,50.6,5.47,0.46,31.7,5.93,0.54,37.6,8.28,0.85,44.3
41,11/02/2017 02:50:00,1010.1,53.9,5.03,0.39,28.4,5.59,0.41,35.7,7.71,0.41,44.8
42,11/02/2017 03:00:00,1010.0,52.2,5.15,0.46,25.2,5.18,0.43,30.4,6.45,0.46,41.0
43,11/02/2017 03:10:00,1010.0,52.3,5.48,0.42,25.8,5.65,0.3,30.3,6.66,0.34,43.4
44,11/02/2017 03:20:00,1010.0,54.4,5.28,0.37,28.4,5.5,0.27,35.1,6.95,0.34,49.8
45,11/02/2017 03:30:00,1010.0,55.8,5.5,0.3,27.1,5.49,0.26,32.3,6.9,0.39,48.8
46,11/02/2017 03:40:00,1009.9,59.0,5.37,0.36,21.9,5.47,0.38,30.0,6.61,0.2,46.6
47,11/02/2017 03:50:00,1009.9,61.2,5.15,0.29,19.1,5.11,0.25,29.5,6.58,0.34,44.8
48,11/02/2017 04:00:00,1010.0,61.7,5.52,0.38,21.8,5.58,0.4,30.5,7.04,0.54,44.7
49,11/02/2017 04:10:00,1010.0,62.5,5.48,0.32,22.6,6.27,0.21,37.5,8.23,0.27,44.5
50,11/02/2017 04:20:00,1010.0,62.8,5.51,0.32,20.3,5.66,0.24,30.3,8.06,0.33,45.1
51,11/02/2017 04:30:00,1010.0,62.8,5.98,0.4,19.8,6.1,0.31,29.3,8.19,0.24,45.3
52,11/02/2017 04:40:00,1010.1,64.0,5.92,0.38,17.2,6.06,0.24,26.0,7.96,0.38,45.5
53,11/02/2017 04:50:00,1010.1,62.5,6.02,0.36,13.2,5.98,0.33,21.1,7.43,0.26,42.9
54,11/02/2017 05:00:00,1010.2,62.7,6.17,0.46,14.4,6.19,0.47,18.6,7.54,0.32,45.1
55,11/02/2017 05:10:00,1010.3,61.8,6.44,0.52,14.3,6.47,0.47,19.3,7.24,0.36,41.9
56,11/02/2017 05:20:00,1010.4,60.7,6.54,0.43,14.1,6.53,0.41,19.1,7.19,0.39,44.9
57,11/02/2017 05:30:00,1010.5,60.7,6.64,0.47,16.2,6.75,0.45,23.2,7.21,0.49,46.3
58,11/02/2017 05:40:00,1010.7,60.3,6.66,0.62,19.6,6.98,0.53,24.9,7.42,0.37,43.9
59,11/02/2017 05:50:00,1010.8,61.0,6.82,0.43,18.0,7.16,0.36,22.6,7.52,0.32,38.0
60,11/02/2017 06:00:00,1010.9,62.8,6.81,0.51,17.1,7.04,0.5,21.6,7.22,0.41,40.3
61,11/02/2017 06:10:00,1011.0,62.8,6.8,0.5,18.8,7.08,0.5,22.8,7.67,0.37,37.1
62,11/02/2017 06:20:00,1011.1,64.6,6.75,0.39,17.0,7.18,0.59,24.6,7.54,0.42,41.9
63,11/02/2017 06:30:00,1011.2,64.0,7.27,0.62,19.3,7.7,0.53,25.8,8.12,0.58,43.3
64,11/02/2017 06:40:00,1011.3,64.7,6.74,0.53,18.0,7.33,0.45,25.8,7.92,0.29,44.5
65,11/02/2017 06:50:00,1011.5,65.1,6.52,0.46,18.8,6.97,0.41,24.9,8.06,0.33,42.9
66,11/02/2017 07:00:00,1011.6,64.7,6.46,0.45,17.0,6.88,0.48,23.9,8.28,0.28,41.7
67,11/02/2017 07:10:00,1011.7,62.9,7.03,0.43,21.0,7.38,0.48,26.1,8.33,0.24,42.7
68,11/02/2017 07:20:00,1011.9,63.8,6.77,0.56,21.7,7.18,0.46,27.9,8.27,0.26,44.9
69,11/02/2017 07:30:00,1012.0,62.3,7.33,0.5,25.1,7.77,0.43,29.2,8.4,0.32,41.7
70,11/02/2017 07:40:00,1012.1,61.2,7.32,0.53,23.8,7.56,0.55,26.8,7.98,0.38,37.4
71,11/02/2017 07:50:00,1012.3,61.9,7.76,0.48,24.7,7.88,0.44,28.0,8.5,0.39,41.0
72,11/02/2017 08:00:00,1012.3,62.3,7.62,0.43,24.3,7.66,0.44,28.5,8.07,0.3,38.6
73,11/02/2017 08:10:00,1012.4,62.1,7.26,0.43,24.8,7.27,0.44,27.7,7.8,0.33,42.3
74,11/02/2017 08:20:00,1012.5,62.4,7.39,0.45,28.5,7.71,0.45,33.4,8.27,0.28,49.9
75,11/02/2017 08:30:00,1012.6,61.9,7.34,0.44,27.0,7.48,0.38,31.1,8.14,0.35,47.7
76,11/02/2017 08:40:00,1012.7,61.5,7.51,0.45,30.0,7.71,0.46,33.1,8.4,0.33,48.1
77,11/02/2017 08:50:00,1012.9,61.2,7.52,0.48,26.5,7.54,0.45,29.8,8.05,0.44,41.0
78,11/02/2017 09:00:00,1013.0,60.2,7.45,0.47,28.5,7.63,0.39,33.5,8.28,0.31,47.6
79,11/02/2017 09:10:00,1013.0,60.9,7.0,0.61,26.0,7.19,0.52,29.8,8.22,0.29,46.2
80,11/02/2017 09:20:00,1013.2,61.1,6.95,0.45,22.7,7.2,0.41,27.8,7.83,0.23,41.6
81,11/02/2017 09:30:00,1013.1,61.9,6.91,0.44,20.6,6.85,0.44,27.6,7.78,0.54,44.4
82,11/02/2017 09:40:00,1013.1,59.6,7.4,0.42,25.0,7.39,0.48,28.4,7.99,0.65,45.4
83,11/02/2017 09:50:00,1013.1,60.9,7.07,0.5,27.0,7.28,0.44,32.1,8.47,0.24,49.1
84,11/02/2017 10:00:00,1012.9,61.1,6.88,0.54,23.7,7.16,0.5,29.3,8.07,0.46,42.9
85,11/02/2017 10:10:00,1012.9,61.7,6.84,0.49,25.2,7.04,0.45,29.8,8.1,0.4,46.3
86,11/02/2017 10:20:00,1012.8,62.5,6.75,0.53,26.0,7.15,0.5,31.5,8.25,0.2,45.4
87,11/02/2017 10:30:00,1012.7,64.4,6.43,0.57,27.0,6.9,0.45,33.9,8.05,0.37,44.7
88,11/02/2017 10:40:00,1012.6,63.5,6.58,0.47,25.9,6.81,0.44,32.4,7.48,0.37,45.0
89,11/02/2017 10:50:00,1012.5,62.7,6.56,0.36,25.3,6.58,0.37,30.3,7.28,0.36,40.9
90,11/02/2017 11:00:00,1012.4,60.7,6.16,0.54,31.3,6.34,0.5,36.4,6.94,0.48,44.8
91,11/02/2017 11:10:00,1012.3,58.5,5.97,0.55,32.0,6.27,0.71,36.1,6.65,0.8,44.2
92,11/02/2017 11:20:00,1012.1,53.8,6.36,0.51,33.8,6.51,0.52,36.8,6.77,0.63,41.7
93,11/02/2017 11:30:00,1012.0,52.3,5.9,0.43,39.2,6.26,0.35,43.0,7.36,0.62,51.9
94,11/02/2017 11:40:00,1011.8,49.8,6.07,0.5,40.7,6.46,0.41,43.4,7.35,0.38,55.3
95,11/02/2017 11:50:00,1011.5,48.4,6.07,0.55,40.2,6.33,0.56,43.3,7.06,0.59,50.6
96,11/02/2017 12:00:00,1011.3,48.1,6.41,0.42,36.2,6.41,0.42,38.4,6.97,0.38,47.1
97,11/02/2017 12:10:00,1011.1,46.5,6.16,0.51,45.6,6.55,0.49,47.8,7.68,0.45,56.5
98,11/02/2017 12:20:00,1010.9,48.0,6.06,0.47,46.6,6.33,0.33,49.6,7.94,0.33,62.0
99,11/02/2017 12:30:00,1010.7,48.0,5.75,0.45,45.8,6.38,0.31,48.4,7.63,0.59,60.2
100,11/02/2017 12:40:00,1010.6,46.8,5.6,0.49,39.4,5.72,0.47,40.1,6.11,0.49,45.7
101,11/02/2017 12:50:00,1010.4,48.8,5.44,0.36,35.0,5.43,0.4,38.1,5.77,0.46,45.1
102,11/02/2017 13:00:00,1010.3,47.8,5.1,0.36,39.9,5.2,0.46,41.8,6.18,0.46,50.2
103,11/02/2017 13:10:00,1010.1,45.0,5.27,0.38,42.8,5.54,0.41,44.4,7.11,0.53,53.8
104,11/02/2017 13:20:00,1009.8,45.8,5.17,0.37,45.9,6.0,0.35,48.8,7.59,0.23,58.4
105,11/02/2017 13:30:00,1009.7,45.7,4.86,0.39,38.9,5.4,0.45,41.7,6.75,0.6,51.6
106,11/02/2017 13:40:00,1009.6,45.7,4.74,0.42,35.9,4.69,0.4,39.1,5.52,0.39,45.8
107,11/02/2017 13:50:00,1009.5,41.9,4.94,0.34,41.6,5.12,0.36,43.1,5.94,0.39,48.0
108,11/02/2017 14:00:00,1009.4,45.4,4.6,0.41,40.4,5.02,0.41,42.4,5.83,0.44,47.2
109,11/02/2017 14:10:00,1009.3,45.0,4.57,0.36,40.3,4.94,0.41,43.8,6.36,0.46,48.9
110,11/02/2017 14:20:00,1009.2,40.7,4.32,0.36,43.5,4.94,0.37,45.9,6.68,0.29,49.4
111,11/02/2017 14:30:00,1009.1,43.5,3.99,0.29,37.7,4.36,0.38,39.5,6.36,0.37,45.7
112,11/02/2017 14:40:00,1009.0,42.7,4.1,0.35,37.5,4.65,0.36,39.8,6.82,0.4,44.3
113,11/02/2017 14:50:00,1008.9,40.0,4.43,0.34,30.5,5.03,0.3,33.0,7.29,0.28,43.7
114,11/02/2017 15:00:00,1008.9,40.8,4.65,0.34,24.4,5.63,0.4,31.7,7.53,0.33,42.3
115,11/02/2017 15:10:00,1008.9,40.7,4.82,0.28,18.7,5.37,0.6,26.2,7.28,0.54,39.3
116,11/02/2017 15:20:00,1008.9,41.0,4.9,0.38,21.4,5.88,0.37,32.3,7.63,0.23,40.3
117,11/02/2017 15:30:00,1008.8,39.9,4.78,0.27,22.1,5.61,0.32,30.6,6.98,0.24,39.0
118,11/02/2017 15:40:00,1008.8,36.9,4.75,0.27,19.1,5.52,0.25,26.7,6.62,0.22,33.0
119,11/02/2017 15:50:00,1008.8,39.4,4.67,0.23,10.9,5.37,0.24,21.2,6.22,0.16,24.0
120,11/02/2017 16:00:00,1008.8,43.2,4.48,0.22,9.0,5.43,0.29,18.7,6.19,0.14,22.3
121,11/02/2017 16:10:00,1008.8,44.4,4.41,0.19,6.1,5.63,0.18,14.1,6.09,0.16,21.2
122,11/02/2017 16:20:00,1008.8,43.1,4.4,0.17,5.3,5.65,0.11,11.9,5.71,0.19,19.5
123,11/02/2017 16:30:00,1008.9,43.2,4.07,0.21,5.0,5.39,0.15,11.8,5.63,0.18,19.9
124,11/02/2017 16:40:00,1009.0,45.5,3.81,0.24,6.4,5.12,0.23,11.8,5.67,0.21,23.9
125,11/02/2017 16:50:00,1009.1,43.8,4.28,0.3,6.6,5.25,0.1,15.2,5.67,0.18,24.6
126,11/02/2017 17:00:00,1009.1,44.7,4.45,0.14,7.9,5.25,0.1,16.0,5.61,0.14,25.4
127,11/02/2017 17:10:00,1009.2,46.3,4.29,0.21,9.9,5.46,0.09,17.6,5.79,0.18,25.4
128,11/02/2017 17:20:00,1009.3,46.0,4.26,0.15,15.0,5.52,0.09,21.2,6.17,0.16,28.8
129,11/02/2017 17:30:00,1009.3,44.0,4.71,0.29,18.4,5.64,0.11,24.5,6.28,0.18,32.4
130,11/02/2017 17:40:00,1009.3,43.5,5.42,0.29,21.1,5.85,0.09,27.0,6.3,0.25,36.5
131,11/02/2017 17:50:00,1009.4,43.3,5.67,0.14,23.9,5.97,0.1,29.8,6.3,0.18,37.5
132,11/02/2017 18:00:00,1009.5,44.5,5.51,0.13,23.9,5.87,0.09,29.8,6.2,0.23,38.7
133,11/02/2017 18:10:00,1009.6,45.8,5.43,0.15,25.7,5.84,0.08,28.4,5.98,0.18,37.8
134,11/02/2017 18:20:00,1009.7,46.3,5.25,0.17,24.5,5.86,0.07,28.1,5.78,0.15,36.6
135,11/02/2017 18:30:00,1009.8,44.9,5.33,0.14,25.3,5.71,0.09,30.4,5.62,0.15,36.3
136,11/02/2017 18:40:00,1010.0,46.4,5.25,0.16,26.3,5.59,0.11,31.6,5.41,0.18,34.7
137,11/02/2017 18:50:00,1010.1,45.4,4.73,0.28,31.8,5.29,0.16,34.9,5.08,0.22,37.4
138,11/02/2017 19:00:00,1010.2,44.7,4.41,0.15,35.1,5.09,0.1,38.9,4.76,0.21,39.0
139,11/02/2017 19:10:00,1010.4,44.3,4.57,0.16,30.7,5.16,0.1,36.0,4.91,0.2,34.4
140,11/02/2017 19:20:00,1010.5,44.8,4.87,0.17,20.1,5.52,0.13,25.5,5.23,0.22,26.6
141,11/02/2017 19:30:00,1010.6,45.2,4.7,0.17,18.0,5.65,0.13,21.3,5.35,0.28,22.9
142,11/02/2017 19:40:00,1010.6,46.2,4.91,0.47,12.9,5.79,0.1,17.1,6.0,0.19,21.4
143,11/02/2017 19:50:00,1010.7,42.4,6.09,0.32,6.4,6.28,0.32,13.7,6.19,0.23,18.4
144,11/02/2017 20:00:00,1010.7,43.8,6.54,0.25,2.1,6.74,0.12,10.5,6.28,0.23,13.6
145,11/02/2017 20:10:00,1010.8,46.4,6.51,0.22,0.0,6.53,0.16,9.0,6.38,0.25,15.3
146,11/02/2017 20:20:00,1010.9,49.2,5.92,0.24,359.1,6.02,0.22,5.6,6.25,0.34,18.9
147,11/02/2017 20:30:00,1010.9,47.6,6.16,0.23,358.2,6.26,0.13,5.9,6.16,0.22,19.4
148,11/02/2017 20:40:00,1010.9,42.1,5.85,0.27,358.4,6.22,0.12,6.8,6.21,0.21,18.2
149,11/02/2017 20:50:00,1010.9,41.0,5.46,0.25,0.1,5.94,0.1,8.2,6.08,0.16,19.6
150,11/02/2017 21:00:00,1010.9,44.5,5.11,0.25,358.3,5.97,0.15,6.4,6.1,0.23,17.2
151,11/02/2017 21:10:00,1010.9,44.0,5.08,0.29,357.7,6.39,0.18,8.3,6.08,0.29,18.0
152,11/02/2017 21:20:00,1010.9,45.1,4.66,0.38,355.6,6.23,0.15,8.4,5.89,0.19,20.8
153,11/02/2017 21:30:00,1010.9,45.3,4.87,0.29,357.3,6.39,0.16,6.9,6.12,0.23,18.3
154,11/02/2017 21:40:00,1010.9,45.7,4.81,0.32,357.9,6.37,0.11,11.8,6.28,0.21,18.1
155,11/02/2017 21:50:00,1010.9,46.9,4.57,0.34,355.2,6.57,0.27,6.5,6.35,0.33,13.6
156,11/02/2017 22:00:00,1010.9,47.1,5.32,0.41,359.1,6.69,0.11,10.0,6.5,0.22,15.4
157,11/02/2017 22:10:00,1010.9,45.5,5.11,0.27,358.8,6.37,0.13,11.8,6.12,0.21,17.8
158,11/02/2017 22:20:00,1010.8,47.4,5.05,0.4,358.0,6.53,0.27,12.2,6.43,0.25,17.8
159,11/02/2017 22:30:00,1010.8,45.5,4.67,0.26,354.2,6.29,0.13,9.8,6.2,0.18,16.2
160,11/02/2017 22:40:00,1010.7,45.4,4.81,0.28,354.4,6.44,0.16,8.5,6.3,0.2,16.4
161,11/02/2017 22:50:00,1010.6,46.5,4.55,0.29,355.3,6.31,0.2,12.3,6.53,0.26,15.1
162,11/02/2017 23:00:00,1010.5,47.0,4.35,0.35,355.1,6.29,0.39,10.0,6.72,0.32,17.6
163,11/02/2017 23:10:00,1010.4,48.6,4.27,0.44,351.2,6.08,0.46,3.0,7.1,0.33,11.7
164,11/02/2017 23:20:00,1010.3,48.3,5.2,0.35,354.5,7.4,0.3,7.8,7.34,0.36,12.3
165,11/02/2017 23:30:00,1010.2,46.6,5.49,0.43,355.4,7.56,0.2,6.5,7.28,0.22,18.8
166,11/02/2017 23:40:00,1010.2,45.8,5.2,0.49,357.3,7.16,0.24,7.0,6.92,0.22,18.6
167,11/02/2017 23:50:00,1010.1,45.1,5.21,0.55,358.2,7.1,0.19,6.1,6.96,0.23,14.4
168,11/03/2017 00:00:00,1010.1,46.7,5.11,0.39,356.7,7.24,0.31,2.4,7.18,0.28,12.4
169,11/03/2017 00:10:00,1010.0,44.1,5.32,0.39,357.8,7.36,0.36,0.6,7.28,0.34,11.1
170,11/03/2017 00:20:00,1010.0,43.4,5.05,0.45,357.0,6.99,0.47,0.1,7.27,0.36,10.1
171,11/03/2017 00:30:00,1009.9,43.7,5.29,0.71,356.8,7.47,0.79,359.5,7.32,0.29,8.1
172,11/03/2017 00:40:00,1009.8,43.2,4.87,0.35,359.5,6.71,0.78,2.9,7.43,0.25,10.0
173,11/03/2017 00:50:00,1009.8,44.2,4.11,0.64,3.7,5.89,0.99,6.4,7.46,0.24,12.4
174,11/03/2017 01:00:00,1009.8,43.8,4.27,0.57,5.0,5.77,0.47,6.0,7.48,0.21,12.8
175,11/03/2017 01:10:00,1009.8,44.1,4.81,0.47,6.4,6.56,0.35,8.3,7.72,0.3,17.3
176,11/03/2017 01:20:00,1009.7,45.0,5.05,0.41,2.2,7.31,0.21,5.4,8.0,0.17,16.9
177,11/03/2017 01:30:00,1009.6,46.0,5.18,0.46,2.0,7.36,0.45,4.7,8.14,0.19,14.7
178,11/03/2017 01:40:00,1009.6,45.9,4.44,0.36,4.8,6.44,0.48,6.8,8.11,0.19,15.7
179,11/03/2017 01:50:00,1009.5,48.8,4.17,0.4,7.0,6.38,0.71,8.5,8.21,0.23,14.1
180,11/03/2017 02:00:00,1009.4,47.1,4.35,0.35,5.8,6.68,0.37,9.6,7.98,0.18,12.8
181,11/03/2017 02:10:00,1009.4,48.9,4.48,0.37,8.6,7.0,0.19,12.2,7.81,0.17,16.4
182,11/03/2017 02:20:00,1009.3,48.4,4.64,0.36,9.3,7.24,0.25,12.6,7.85,0.19,18.2
183,11/03/2017 02:30:00,1009.3,48.0,5.11,0.38,6.7,7.39,0.11,12.9,7.58,0.14,19.8
184,11/03/2017 02:40:00,1009.3,48.3,5.11,0.36,5.0,7.3,0.21,12.8,7.65,0.21,19.3
185,11/03/2017 02:50:00,1009.3,48.8,5.09,0.27,7.6,6.96,0.2,15.1,7.52,0.24,22.9
186,11/03/2017 03:00:00,1009.3,50.4,4.94,0.32,4.7,6.99,0.24,16.8,7.34,0.35,23.5
187,11/03/2017 03:10:00,1009.3,49.8,4.04,0.54,10.9,5.38,0.85,18.2,6.9,0.24,22.2
188,11/03/2017 03:20:00,1009.4,51.0,3.97,0.26,24.6,5.29,0.46,20.5,7.17,0.22,25.6
189,11/03/2017 03:30:00,1009.4,50.4,4.17,0.32,26.7,5.25,0.66,24.3,6.99,0.31,28.5
190,11/03/2017 03:40:00,1009.4,50.8,5.09,0.76,37.3,5.48,0.73,37.8,6.81,0.3,32.1
191,11/03/2017 03:50:00,1009.2,50.6,5.48,0.49,15.1,6.51,0.39,23.5,6.98,0.28,29.4
192,11/03/2017 04:00:00,1009.3,52.6,5.34,0.62,33.8,6.11,0.78,39.4,7.25,0.46,37.5
193,11/03/2017 04:10:00,1009.3,53.7,5.03,0.38,29.0,5.96,0.47,34.6,7.37,0.24,34.0
194,11/03/2017 04:20:00,1009.3,55.0,4.73,0.34,30.8,5.3,0.32,35.7,6.97,0.31,33.4
195,11/03/2017 04:30:00,1009.3,55.0,5.28,0.3,31.6,6.01,0.32,33.4,7.06,0.25,33.1
196,11/03/2017 04:40:00,1009.3,53.7,4.9,0.26,29.1,5.36,0.19,31.5,6.95,0.3,31.6
197,11/03/2017 04:50:00,1009.3,56.1,4.88,0.35,30.9,5.02,0.32,36.1,6.84,0.28,34.4
198,11/03/2017 05:00:00,1009.4,53.5,5.17,0.34,24.6,5.87,0.88,29.7,7.17,0.32,31.9
199,11/03/2017 05:10:00,1009.4,56.1,5.5,0.51,16.5,6.44,0.94,26.3,7.13,0.42,33.4
200,11/03/2017 05:20:00,1009.5,56.8,5.52,0.42,17.1,6.23,0.4,28.5,6.71,0.32,37.7
201,11/03/2017 05:30:00,1009.6,55.3,5.6,0.51,18.7,6.31,0.45,30.7,6.61,0.43,36.4
202,11/03/2017 05:40:00,1009.7,54.7,5.72,0.31,16.8,6.29,0.24,27.8,6.28,0.42,39.0
203,11/03/2017 05:50:00,1009.8,53.8,5.43,0.34,17.1,6.18,0.31,27.0,6.31,0.25,34.2
204,11/03/2017 06:00:00,1010.0,50.9,5.35,0.38,20.2,5.79,0.3,27.7,6.17,0.35,32.3
205,11/03/2017 06:10:00,1010.2,49.6,5.78,0.56,21.9,5.98,0.5,25.1,6.13,0.31,32.0
206,11/03/2017 06:20:00,1010.3,51.4,5.68,0.49,19.2,5.96,0.37,23.2,6.43,0.43,32.1
207,11/03/2017 06:30:00,1010.4,53.6,5.45,0.53,12.0,5.99,0.53,18.8,6.08,0.32,27.2
208,11/03/2017 06:40:00,1010.6,52.5,6.42,0.7,14.8,6.87,0.61,19.3,6.46,0.41,26.3
209,11/03/2017 06:50:00,1010.7,47.1,6.26,0.66,11.6,6.4,0.65,15.3,6.98,0.71,23.1
210,11/03/2017 07:00:00,1010.8,43.4,6.71,0.4,12.2,6.94,0.45,17.2,7.0,0.63,23.0
211,11/03/2017 07:10:00,1011.0,44.7,6.92,0.58,16.1,7.68,0.69,18.7,8.08,0.65,25.7
212,11/03/2017 07:20:00,1011.1,45.2,7.29,0.64,12.2,7.53,0.72,14.3,8.19,0.48,23.2
213,11/03/2017 07:30:00,1011.2,44.0,7.63,0.6,12.0,7.8,0.65,13.7,8.53,0.54,22.0
214,11/03/2017 07:40:00,1011.3,45.5,8.13,0.42,10.6,8.36,0.41,14.5,8.45,0.55,23.0
215,11/03/2017 07:50:00,1011.5,48.4,8.1,0.43,14.5,8.31,0.5,17.3,8.81,0.46,25.9
216,11/03/2017 08:00:00,1011.6,46.0,7.7,0.67,11.7,7.74,0.65,14.0,8.56,0.55,25.2
217,11/03/2017 08:10:00,1011.7,44.3,7.97,0.49,11.1,8.15,0.5,12.7,8.63,0.43,21.8
218,11/03/2017 08:20:00,1011.8,42.8,7.58,0.5,9.5,7.92,0.61,11.4,8.88,0.48,17.6
219,11/03/2017 08:30:00,1011.9,45.9,6.64,0.47,1.9,7.03,0.61,9.0,8.47,0.44,20.9
220,11/03/2017 08:40:00,1012.0,46.3,6.03,0.55,359.6,6.78,0.47,7.5,8.5,0.35,18.8
221,11/03/2017 08:50:00,1012.1,49.0,5.41,0.43,357.4,6.48,0.53,9.3,8.48,0.21,19.7
222,11/03/2017 09:00:00,1012.2,46.6,5.21,0.39,354.6,5.94,0.37,7.4,8.46,0.29,21.3
223,11/03/2017 09:10:00,1012.2,46.4,4.98,0.36,352.6,5.46,0.41,2.4,8.05,0.3,19.2
224,11/03/2017 09:20:00,1012.2,45.3,5.03,0.41,356.8,5.89,0.46,6.9,7.89,0.23,21.3
225,11/03/2017 09:30:00,1012.2,46.2,5.14,0.48,0.9,6.19,0.41,11.9,7.55,0.21,24.3
226,11/03/2017 09:40:00,1012.1,45.3,4.59,0.48,4.4,5.59,0.36,14.4,7.66,0.29,24.5
227,11/03/2017 09:50:00,1012.0,45.5,4.84,0.45,5.8,5.21,0.49,13.0,7.35,0.4,23.3
228,11/03/2017 10:00:00,1011.9,44.9,4.88,0.42,5.0,5.05,0.5,8.0,7.51,0.34,17.9
229,11/03/2017 10:10:00,1011.8,43.6,5.28,0.31,14.3,5.65,0.41,16.1,7.96,0.27,21.4
230,11/03/2017 10:20:00,1011.6,44.5,5.2,0.45,17.2,5.69,0.54,20.2,7.9,0.3,17.9
231,11/03/2017 10:30:00,1011.6,48.2,5.15,0.48,27.0,5.42,0.54,27.6,7.73,0.38,26.7
232,11/03/2017 10:40:00,1011.4,50.4,4.95,0.51,24.0,5.2,0.68,28.6,6.81,1.06,34.7
233,11/03/2017 10:50:00,1011.3,52.2,5.59,0.47,32.5,5.7,0.54,32.4,6.11,0.49,31.8
234,11/03/2017 11:00:00,1011.1,52.3,5.8,0.43,36.4,5.79,0.44,36.6,5.88,0.46,34.8
235,11/03/2017 11:10:00,1011.0,53.6,5.86,0.41,39.8,5.8,0.47,39.2,5.82,0.43,35.9
236,11/03/2017 11:20:00,1010.8,55.8,5.2,0.49,39.3,5.2,0.44,36.8,5.51,0.59,34.4
237,11/03/2017 11:30:00,1010.7,53.6,5.84,0.41,37.9,5.64,0.49,38.2,6.07,0.53,37.2
238,11/03/2017 11:40:00,1010.5,54.3,5.43,0.57,36.9,5.59,0.53,36.2,5.9,0.38,33.1
239,11/03/2017 11:50:00,1010.4,52.9,5.68,0.45,37.9,5.68,0.47,36.6,6.22,0.41,34.4
240,11/03/2017 12:00:00,1010.2,53.1,5.39,0.34,39.0,5.41,0.36,39.2,5.83,0.47,34.4
241,11/03/2017 12:10:00,1010.0,54.3,5.1,0.38,39.9,5.11,0.31,38.1,6.2,0.33,30.2
242,11/03/2017 12:20:00,1009.8,56.4,4.91,0.38,37.7,4.93,0.38,34.8,5.88,0.57,31.1
243,11/03/2017 12:30:00,1009.6,57.4,4.51,0.4,39.8,4.73,0.37,36.5,6.48,0.61,29.0
244,11/03/2017 12:40:00,1009.4,55.7,4.66,0.36,40.5,4.85,0.4,35.9,7.16,0.31,25.9
245,11/03/2017 12:50:00,1009.2,55.9,4.44,0.29,45.6,4.83,0.43,38.0,7.45,0.32,24.7
246,11/03/2017 13:00:00,1009.0,53.9,4.71,0.44,40.9,5.22,0.55,35.3,7.62,0.34,28.3
247,11/03/2017 13:10:00,1008.8,50.9,4.4,0.42,43.2,5.0,0.51,36.9,7.75,0.46,29.3
248,11/03/2017 13:20:00,1008.6,49.0,4.58,0.41,43.0,5.43,0.62,39.6,7.92,0.36,30.0
249,11/03/2017 13:30:00,1008.4,44.2,4.96,0.52,42.0,5.61,0.52,39.9,7.37,0.42,27.5
250,11/03/2017 13:40:00,1008.3,43.5,4.84,0.45,40.3,5.3,0.61,37.7,7.21,0.61,24.5
251,11/03/2017 13:50:00,1008.2,42.8,4.49,0.41,39.4,5.09,0.43,35.6,7.81,0.31,24.5
252,11/03/2017 14:00:00,1008.1,41.4,4.77,0.42,39.2,5.49,0.49,34.7,7.93,0.4,25.2
253,11/03/2017 14:10:00,1008.0,39.8,4.72,0.33,38.4,5.36,0.49,33.9,8.04,0.52,26.5
254,11/03/2017 14:20:00,1007.9,38.7,5.0,0.38,39.5,5.63,0.37,36.0,7.9,0.3,25.6
255,11/03/2017 14:30:00,1007.8,38.9,4.88,0.33,39.0,5.64,0.36,35.3,7.52,0.23,24.1
256,11/03/2017 14:40:00,1007.7,37.3,4.96,0.26,39.0,5.45,0.25,35.9,7.67,0.28,25.6
257,11/03/2017 14:50:00,1007.6,39.8,4.64,0.38,39.7,5.35,0.52,35.2,6.63,0.26,21.6
258,11/03/2017 15:00:00,1007.5,37.2,4.79,0.42,36.2,5.79,0.38,32.4,7.25,0.7,21.6
259,11/03/2017 15:10:00,1007.5,37.0,4.47,0.29,33.5,5.16,0.27,33.7,7.81,0.21,24.2
260,11/03/2017 15:20:00,1007.5,37.6,4.36,0.3,32.4,5.28,0.37,30.9,7.73,0.18,22.9
261,11/03/2017 15:30:00,1007.5,37.6,4.34,0.31,28.8,5.35,0.23,27.7,7.65,0.26,21.1
262,11/03/2017 15:40:00,1007.6,38.7,4.06,0.27,25.8,4.89,0.22,26.0,7.52,0.24,20.5
263,11/03/2017 15:50:00,1007.5,39.0,4.54,0.37,33.1,6.25,0.82,26.6,7.39,0.23,18.9
264,11/03/2017 16:00:00,1007.5,37.5,5.42,0.36,27.3,7.24,0.14,19.2,7.28,0.21,15.7
265,11/03/2017 16:10:00,1007.5,37.3,5.54,0.3,23.4,7.02,0.14,15.9,6.9,0.23,13.2
266,11/03/2017 16:20:00,1007.6,36.4,5.86,0.27,22.4,6.77,0.12,15.1,6.41,0.23,11.5
267,11/03/2017 16:30:00,1007.7,37.5,5.92,0.17,21.1,6.45,0.15,13.0,6.05,0.19,10.1
268,11/03/2017 16:40:00,1007.7,37.2,6.0,0.17,20.1,6.05,0.1,14.4,5.78,0.19,11.2
269,11/03/2017 16:50:00,1007.8,37.7,5.9,0.2,21.0,5.87,0.14,16.0,5.73,0.17,13.1
270,11/03/2017 17:00:00,1007.8,35.4,5.98,0.17,19.2,5.72,0.14,15.4,5.74,0.19,13.9
271,11/03/2017 17:10:00,1007.9,36.7,5.63,0.18,22.0,5.81,0.1,17.0,6.05,0.19,14.1
272,11/03/2017 17:20:00,1008.0,34.3,5.94,0.18,20.2,5.75,0.14,15.9,6.3,0.23,11.5
273,11/03/2017 17:30:00,1008.0,37.4,5.82,0.14,21.7,5.78,0.16,16.6,6.85,0.26,12.1
274,11/03/2017 17:40:00,1008.1,40.0,5.92,0.16,22.9,6.22,0.12,16.7,7.2,0.21,11.5
275,11/03/2017 17:50:00,1008.2,43.3,5.86,0.15,21.4,6.43,0.09,14.6,7.52,0.2,11.2
276,11/03/2017 18:00:00,1008.3,43.0,5.65,0.13,20.9,6.56,0.1,14.0,7.55,0.21,12.6
277,11/03/2017 18:10:00,1008.3,42.8,5.57,0.13,18.2,6.55,0.1,13.2,7.39,0.25,13.7
278,11/03/2017 18:20:00,1008.4,39.7,5.6,0.14,15.6,6.51,0.11,13.1,6.99,0.17,14.1
279,11/03/2017 18:30:00,1008.5,39.4,5.29,0.17,14.7,6.53,0.13,11.5,7.04,0.23,11.7
280,11/03/2017 18:40:00,1008.6,46.5,5.23,0.2,11.1,6.37,0.25,10.4,6.67,0.37,9.4
281,11/03/2017 18:50:00,1008.8,51.4,4.98,0.24,14.6,5.88,0.17,12.6,6.34,0.29,10.3
282,11/03/2017 19:00:00,1009.0,49.0,4.98,0.18,15.3,5.78,0.26,16.2,6.64,0.56,11.5
283,11/03/2017 19:10:00,1009.1,43.4,5.28,0.22,12.6,5.95,0.38,13.7,6.97,0.43,13.3
284,11/03/2017 19:20:00,1009.2,34.7,5.18,0.15,14.7,5.7,0.3,15.2,6.96,0.75,10.3
285,11/03/2017 19:30:00,1009.3,27.7,4.96,0.24,8.6,6.14,0.5,6.6,8.16,0.31,5.8
286,11/03/2017 19:40:00,1009.4,30.4,5.21,0.17,6.8,6.62,0.37,6.4,8.65,0.28,6.8
287,11/03/2017 19:50:00,1009.5,40.5,4.73,0.16,7.9,6.17,0.43,3.7,8.03,0.47,5.1
288,11/03/2017 20:00:00,1009.6,52.3,4.43,0.23,6.6,5.99,0.48,4.1,8.34,0.47,4.9
289,11/03/2017 20:10:00,1009.7,49.9,4.65,0.41,359.3,6.96,0.56,2.1,9.11,0.42,1.9
290,11/03/2017 20:20:00,1009.8,47.5,5.12,0.34,1.9,7.98,0.22,2.4,9.21,0.24,4.4
291,11/03/2017 20:30:00,1009.8,48.1,5.03,0.38,1.8,8.12,0.38,2.9,9.01,0.48,8.2
292,11/03/2017 20:40:00,1009.8,48.2,5.41,0.78,2.2,8.13,0.53,3.3,9.17,0.3,9.5
293,11/03/2017 20:50:00,1009.8,42.8,7.68,0.31,1.7,8.99,0.27,6.0,9.42,0.23,10.2
294,11/03/2017 21:00:00,1009.8,39.1,7.94,0.25,4.4,9.23,0.4,6.5,9.69,0.38,13.0
295,11/03/2017 21:10:00,1009.9,41.5,7.14,0.41,4.0,9.75,0.3,8.8,10.14,0.51,15.3
296,11/03/2017 21:20:00,1009.9,43.3,7.27,0.45,7.0,10.12,0.3,12.4,10.22,0.37,17.0
297,11/03/2017 21:30:00,1009.9,42.4,7.23,0.49,6.0,10.1,0.27,12.2,9.42,0.25,18.8
298,11/03/2017 21:40:00,1009.9,42.7,7.38,0.31,6.8,9.82,0.54,14.2,9.11,0.45,20.6
299,11/03/2017 21:50:00,1009.9,42.0,6.85,0.45,7.9,9.45,0.27,15.0,9.55,0.54,21.1
300,11/03/2017 22:00:00,1009.9,42.5,7.01,0.48,8.3,9.9,0.26,15.6,9.58,0.4,21.5
301,11/03/2017 22:10:00,1009.9,43.6,7.04,0.37,9.7,9.75,0.56,18.0,9.44,0.46,23.7
302,11/03/2017 22:20:00,1009.9,43.1,6.95,0.49,11.2,9.43,0.32,19.5,8.49,0.4,26.1
303,11/03/2017 22:30:00,1009.9,46.8,6.27,0.75,13.0,8.74,0.96,18.4,8.81,0.5,25.5
304,11/03/2017 22:40:00,1009.9,49.8,4.48,0.42,16.2,6.05,0.4,19.2,8.93,0.51,26.6
305,11/03/2017 22:50:00,1009.9,49.6,5.22,0.45,15.4,7.69,0.52,20.5,8.75,0.91,27.5
306,11/03/2017 23:00:00,1009.8,48.9,5.63,0.58,13.0,7.95,0.55,20.6,8.22,0.47,26.1
307,11/03/2017 23:10:00,1009.7,46.9,5.83,0.36,9.5,7.67,0.28,22.4,7.58,0.5,28.7
308,11/03/2017 23:20:00,1009.6,47.7,5.77,0.43,4.6,7.87,0.33,18.9,8.26,0.22,26.4
309,11/03/2017 23:30:00,1009.5,47.7,6.23,0.42,3.8,7.4,0.17,17.8,7.89,0.2,23.4
310,11/03/2017 23:40:00,1009.4,47.8,5.87,0.78,358.6,7.3,0.46,11.7,8.29,0.3,20.0
311,11/03/2017 23:50:00,1009.2,48.3,6.76,0.52,355.6,8.45,0.33,13.8,9.52,0.55,17.1
312,11/04/2017 00:00:00,1009.2,48.8,6.32,0.4,1.2,7.89,0.28,18.4,8.98,0.31,19.5
313,11/04/2017 00:10:00,1009.1,49.5,6.08,0.34,358.9,7.68,0.19,16.4,8.92,0.21,18.7
314,11/04/2017 00:20:00,1009.1,49.6,6.03,0.4,358.7,7.57,0.31,16.0,8.89,0.52,20.6
315,11/04/2017 00:30:00,1009.0,50.9,6.26,0.32,356.7,7.86,0.28,15.4,8.97,0.28,18.5
316,11/04/2017 00:40:00,1009.0,49.9,5.85,0.42,355.1,7.85,0.26,13.6,8.98,0.34,18.2
317,11/04/2017 00:50:00,1009.0,49.4,6.13,0.39,355.8,8.13,0.27,14.4,9.09,0.27,20.0
318,11/04/2017 01:00:00,1008.9,47.9,5.96,0.37,355.1,7.67,0.22,14.8,8.98,0.23,21.0
319,11/04/2017 01:10:00,1008.8,48.0,5.71,0.56,357.7,7.6,0.37,15.9,8.74,0.3,23.1
320,11/04/2017 01:20:00,1008.8,49.3,5.21,0.4,359.0,6.09,0.39,8.5,8.03,0.45,24.3
321,11/04/2017 01:30:00,1008.7,48.6,5.72,0.48,352.8,6.42,0.41,3.8,8.22,0.79,20.4
322,11/04/2017 01:40:00,1008.6,47.1,6.83,0.51,351.9,7.37,0.44,1.3,8.56,0.3,19.3
323,11/04/2017 01:50:00,1008.5,45.6,6.57,0.55,352.3,7.12,0.36,3.5,8.37,0.28,18.0
324,11/04/2017 02:00:00,1008.4,46.2,7.35,0.38,351.9,7.94,0.32,5.4,8.21,0.46,16.5
325,11/04/2017 02:10:00,1008.3,46.3,7.18,0.43,353.7,8.01,0.31,4.3,8.25,0.46,15.4
326,11/04/2017 02:20:00,1008.3,48.5,5.94,0.62,357.0,7.41,0.41,8.7,8.29,0.42,14.3
327,11/04/2017 02:30:00,1008.3,51.1,6.12,0.75,358.9,7.58,0.57,13.8,8.82,0.56,15.2
328,11/04/2017 02:40:00,1008.3,52.9,5.43,0.51,357.5,6.52,0.51,8.9,8.31,0.52,16.3
329,11/04/2017 02:50:00,1008.4,53.9,5.64,0.53,1.5,6.42,0.58,9.7,9.2,0.58,17.5
330,11/04/2017 03:00:00,1008.4,52.3,5.73,0.44,2.8,6.63,0.42,7.5,9.44,0.26,17.4
331,11/04/2017 03:10:00,1008.4,47.9,6.4,0.63,4.7,7.19,0.61,8.6,9.94,0.44,15.8
332,11/04/2017 03:20:00,1008.4,43.4,6.53,0.51,3.2,7.76,0.44,9.9,10.84,0.29,13.5
333,11/04/2017 03:30:00,1008.3,41.5,7.26,0.52,0.2,7.64,0.5,2.8,10.25,0.7,8.9
334,11/04/2017 03:40:00,1008.3,42.2,7.08,0.44,3.1,7.99,0.59,4.7,10.92,0.36,8.9
335,11/04/2017 03:50:00,1008.3,41.4,7.82,0.83,2.9,8.78,1.14,3.2,11.19,0.57,7.6
336,11/04/2017 04:00:00,1008.3,37.4,8.17,0.64,2.9,9.01,0.51,3.9,11.02,0.26,9.2
337,11/04/2017 04:10:00,1008.3,38.6,8.23,0.65,1.4,9.36,0.5,4.3,11.65,0.37,9.9
338,11/04/2017 04:20:00,1008.3,37.8,8.01,0.49,1.5,8.64,0.57,2.2,11.37,0.38,9.6
339,11/04/2017 04:30:00,1008.2,37.5,9.52,0.64,358.2,10.24,0.46,3.4,10.92,0.4,7.9
340,11/04/2017 04:40:00,1008.3,37.5,9.39,0.64,357.8,10.48,0.51,3.0,9.91,0.35,11.4
341,11/04/2017 04:50:00,1008.5,35.1,9.16,0.47,0.2,9.77,0.37,2.9,8.96,0.29,14.9
342,11/04/2017 05:00:00,1008.7,39.1,8.05,0.51,3.8,8.64,0.59,7.9,8.59,0.41,23.0
343,11/04/2017 05:10:00,1008.9,40.3,7.89,0.53,6.9,8.42,0.38,9.7,8.93,0.55,20.3
344,11/04/2017 05:20:00,1009.1,40.9,8.03,0.42,8.1,8.25,0.38,10.4,8.37,0.42,21.8
345,11/04/2017 05:30:00,1009.2,44.7,7.66,0.57,7.7,8.2,0.53,11.4,8.06,0.49,23.1
346,11/04/2017 05:40:00,1009.3,43.3,7.92,0.39,4.2,8.24,0.45,8.4,7.27,0.23,25.5
347,11/04/2017 05:50:00,1009.3,43.2,8.28,0.41,5.2,8.61,0.33,8.2,7.05,0.22,27.9
348,11/04/2017 06:00:00,1009.5,43.8,8.16,0.53,4.4,8.37,0.56,10.9,7.13,0.29,27.7
349,11/04/2017 06:10:00,1009.6,43.7,8.29,0.36,5.0,8.54,0.33,10.5,7.0,0.2,26.1
350,11/04/2017 06:20:00,1009.8,46.2,8.0,0.45,6.3,8.41,0.41,12.8,7.11,0.36,28.2
351,11/04/2017 06:30:00,1010.0,48.4,7.91,0.46,6.3,8.21,0.43,11.4,7.47,0.65,27.7
352,11/04/2017 06:40:00,1010.0,48.4,7.8,0.54,8.7,8.23,0.39,13.8,7.18,1.13,29.6
353,11/04/2017 06:50:00,1010.3,49.5,7.52,0.53,11.3,7.87,0.49,17.2,6.67,0.5,35.8
354,11/04/2017 07:00:00,1010.5,49.0,7.96,0.45,11.1,8.04,0.49,14.8,7.18,0.62,34.2
355,11/04/2017 07:10:00,1010.6,50.0,7.67,0.53,10.4,7.81,0.44,15.0,6.85,0.59,36.0
356,11/04/2017 07:20:00,1010.6,50.0,7.71,0.69,8.9,7.69,0.75,14.3,7.01,0.7,37.0
357,11/04/2017 07:30:00,1010.9,53.4,7.74,0.45,13.2,7.74,0.48,16.2,6.99,0.49,40.5
358,11/04/2017 07:40:00,1011.0,54.2,7.3,0.47,12.2,7.18,0.51,18.7,7.07,0.54,48.0
359,11/04/2017 07:50:00,1011.2,54.6,7.21,0.65,12.3,7.14,0.68,17.5,7.02,0.51,44.8
360,11/04/2017 08:00:00,1011.3,55.6,7.3,0.42,10.6,7.24,0.4,14.8,7.27,0.62,40.6
361,11/04/2017 08:10:00,1011.5,56.5,7.1,0.58,12.3,7.18,0.62,19.8,7.24,0.37,44.2
362,11/04/2017 08:20:00,1011.6,57.3,7.17,0.48,13.2,7.14,0.42,21.3,7.11,0.32,48.7
363,11/04/2017 08:30:00,1011.7,57.9,7.09,0.53,14.6,7.15,0.47,19.4,7.48,0.4,47.3
364,11/04/2017 08:40:00,1011.8,58.5,6.69,0.66,13.1,6.76,0.63,21.9,7.05,0.76,47.3
365,11/04/2017 08:50:00,1012.0,59.4,7.06,0.89,17.2,7.28,0.85,23.2,7.86,0.83,42.2
366,11/04/2017 09:00:00,1012.1,60.5,7.41,1.02,22.2,7.57,1.03,26.1,8.52,1.26,40.5
367,11/04/2017 09:10:00,1012.2,61.0,8.21,0.75,23.1,8.31,0.61,25.6,8.94,0.52,36.3
368,11/04/2017 09:20:00,1012.2,62.1,8.24,0.76,24.3,8.51,0.66,26.8,9.42,0.81,38.7
369,11/04/2017 09:30:00,1012.2,63.3,7.89,0.65,24.3,8.04,0.62,26.9,8.8,0.48,39.0
370,11/04/2017 09:40:00,1012.2,64.1,7.73,0.73,24.3,7.85,0.76,27.4,8.98,0.59,39.8
371,11/04/2017 09:50:00,1012.1,64.1,7.24,0.64,25.2,7.59,0.7,29.6,8.76,0.83,48.8
372,11/04/2017 10:00:00,1012.0,63.3,6.71,0.49,20.6,6.88,0.47,26.5,8.46,0.44,54.4
373,11/04/2017 10:10:00,1011.9,62.9,6.59,0.46,22.0,6.94,0.44,30.8,8.39,0.54,57.2
374,11/04/2017 10:20:00,1011.9,62.5,6.42,0.51,21.7,6.84,0.37,28.8,8.12,0.42,54.9
375,11/04/2017 10:30:00,1011.8,61.7,5.86,0.37,22.4,6.21,0.38,31.3,7.64,0.6,52.5
376,11/04/2017 10:40:00,1011.7,62.2,5.85,0.45,25.9,6.4,0.32,34.9,7.99,0.24,58.0
377,11/04/2017 10:50:00,1011.6,61.5,6.29,0.59,31.6,6.81,0.43,39.0,8.27,0.37,56.6
378,11/04/2017 11:00:00,1011.5,61.8,6.6,0.43,32.1,6.86,0.55,37.5,7.83,0.53,46.5
379,11/04/2017 11:10:00,1011.3,60.9,7.03,0.7,38.6,7.4,0.79,41.8,8.27,0.56,46.9
380,11/04/2017 11:20:00,1011.3,50.6,7.7,0.58,48.6,7.79,0.65,49.4,8.2,0.7,50.7
381,11/04/2017 11:30:00,1011.2,51.2,7.86,0.54,45.3,7.88,0.43,45.9,7.72,0.45,48.6
382,11/04/2017 11:40:00,1011.0,50.1,7.62,0.5,45.1,7.61,0.48,44.6,7.6,0.42,45.7
383,11/04/2017 11:50:00,1010.8,53.4,6.85,0.41,41.5,7.07,0.44,42.5,7.17,0.44,46.4
384,11/04/2017 12:00:00,1010.7,52.9,6.61,0.52,38.5,6.64,0.52,40.1,6.74,0.44,45.4
385,11/04/2017 12:10:00,1010.4,54.7,6.19,0.42,34.3,6.21,0.44,37.2,6.3,0.27,42.0
386,11/04/2017 12:20:00,1010.2,55.4,5.94,0.38,31.6,5.94,0.37,34.9,6.14,0.29,41.5
387,11/04/2017 12:30:00,1010.1,55.2,5.74,0.44,29.2,5.69,0.37,32.7,5.97,0.32,38.7
388,11/04/2017 12:40:00,1009.9,53.6,5.8,0.36,26.9,5.73,0.36,30.9,6.03,0.32,37.9
389,11/04/2017 12:50:00,1009.7,52.8,5.65,0.33,25.8,5.57,0.34,28.6,6.05,0.38,38.7
390,11/04/2017 13:00:00,1009.6,51.1,5.75,0.36,28.7,5.84,0.35,31.9,6.24,0.38,40.2
391,11/04/2017 13:10:00,1009.4,49.0,5.9,0.34,29.1,5.87,0.36,31.3,6.19,0.39,39.4
392,11/04/2017 13:20:00,1009.3,53.5,5.36,0.4,27.3,5.4,0.43,28.6,5.91,0.42,37.0
393,11/04/2017 13:30:00,1009.2,53.5,5.29,0.44,27.3,5.36,0.4,29.8,5.77,0.43,36.3
394,11/04/2017 13:40:00,1009.0,51.2,5.43,0.36,28.6,5.43,0.4,31.3,5.78,0.49,38.6
395,11/04/2017 13:50:00,1009.0,51.2,5.36,0.47,31.8,5.41,0.47,33.8,5.71,0.37,39.1
396,11/04/2017 14:00:00,1008.8,50.9,5.35,0.34,27.7,5.3,0.39,29.0,5.33,0.35,36.0
397,11/04/2017 14:10:00,1008.8,50.5,5.52,0.33,31.0,5.67,0.38,32.7,5.65,0.36,37.2
398,11/04/2017 14:20:00,1008.7,49.0,5.81,0.49,35.0,5.9,0.45,36.5,6.0,0.44,37.0
399,11/04/2017 14:30:00,1008.6,48.1,5.91,0.36,32.3,5.95,0.41,32.7,6.29,0.32,35.8
400,11/04/2017 14:40:00,1008.5,49.8,5.7,0.33,28.1,5.76,0.4,29.2,6.14,0.44,35.2
401,11/04/2017 14:50:00,1008.5,50.2,5.73,0.37,27.8,5.75,0.43,29.1,5.95,0.36,35.8
402,11/04/2017 15:00:00,1008.5,48.5,5.77,0.37,29.0,5.81,0.39,31.2,6.02,0.39,36.8
403,11/04/2017 15:10:00,1008.5,48.2,5.52,0.36,30.5,5.52,0.38,30.8,5.72,0.49,35.4
404,11/04/2017 15:20:00,1008.4,49.3,5.39,0.34,31.6,5.44,0.34,32.0,5.62,0.25,39.2
405,11/04/2017 15:30:00,1008.4,49.6,4.85,0.38,34.2,5.0,0.37,35.5,5.72,0.25,43.1
406,11/04/2017 15:40:00,1008.4,50.5,4.39,0.28,34.0,4.55,0.32,35.7,5.32,0.29,45.9
407,11/04/2017 15:50:00,1008.4,50.6,4.32,0.29,28.6,4.29,0.3,30.2,5.0,0.21,42.4
408,11/04/2017 16:00:00,1008.5,51.9,4.33,0.33,21.6,4.4,0.26,24.2,4.59,0.24,37.8
409,11/04/2017 16:10:00,1008.6,51.3,4.16,0.26,20.6,4.11,0.24,23.6,4.68,0.41,37.3
410,11/04/2017 16:20:00,1008.6,51.4,3.74,0.22,25.9,3.83,0.19,30.8,6.18,0.55,36.9
411,11/04/2017 16:30:00,1008.6,50.0,3.54,0.19,35.6,4.06,0.23,41.2,6.73,0.36,32.0
412,11/04/2017 16:40:00,1008.7,51.3,3.66,0.22,41.3,4.85,0.15,44.9,8.1,0.27,29.1
413,11/04/2017 16:50:00,1008.7,50.9,3.45,0.16,37.9,5.56,0.36,32.6,8.66,0.23,25.7
414,11/04/2017 17:00:00,1008.8,51.1,3.59,0.19,35.4,5.58,0.32,31.5,9.01,0.22,25.3
415,11/04/2017 17:10:00,1008.8,53.8,4.43,0.28,27.7,6.39,0.61,23.8,9.08,0.31,24.1
416,11/04/2017 17:20:00,1008.9,55.0,4.26,0.27,32.2,6.33,0.45,25.5,8.95,0.29,20.9
417,11/04/2017 17:30:00,1008.9,55.9,4.33,0.22,35.9,6.54,0.46,26.7,8.92,0.21,20.6
418,11/04/2017 17:40:00,1009.0,57.1,4.59,0.27,30.8,7.32,0.16,22.6,8.77,0.18,20.0
419,11/04/2017 17:50:00,1009.0,55.7,5.05,0.21,28.7,7.43,0.18,22.0,8.63,0.22,21.9
420,11/04/2017 18:00:00,1009.1,55.4,5.35,0.28,28.3,7.48,0.17,22.3,8.64,0.26,22.9
421,11/04/2017 18:10:00,1009.2,54.7,5.79,0.15,27.2,7.72,0.23,24.8,8.42,0.2,25.4
422,11/04/2017 18:20:00,1009.3,47.4,5.91,0.24,24.5,7.63,0.33,22.3,8.78,0.26,22.3
423,11/04/2017 18:30:00,1009.3,47.2,6.31,0.48,18.2,8.03,0.62,16.9,9.12,0.21,21.0
424,11/04/2017 18:40:00,1009.3,45.2,8.16,0.28,12.9,9.49,0.15,15.7,9.61,0.23,20.1
425,11/04/2017 18:50:00,1009.5,50.7,7.94,0.33,14.7,9.33,0.17,17.5,10.38,0.5,20.9
426,11/04/2017 19:00:00,1009.5,41.0,8.56,0.19,16.5,9.67,0.34,18.0,10.57,0.26,19.4
427,11/04/2017 19:10:00,1009.7,40.2,8.71,0.18,17.9,9.58,0.25,16.7,10.44,0.32,20.0
428,11/04/2017 19:20:00,1009.8,47.9,7.94,0.3,13.8,9.69,0.15,15.9,10.48,0.25,22.1
429,11/04/2017 19:30:00,1009.9,51.1,8.24,0.31,10.4,10.03,0.14,17.3,10.37,0.23,24.3
430,11/04/2017 19:40:00,1010.0,49.5,8.22,0.28,9.1,9.77,0.12,17.1,10.34,0.23,24.6
431,11/04/2017 19:50:00,1010.1,46.5,8.29,0.3,7.3,9.89,0.24,15.8,10.56,0.18,25.0
432,11/04/2017 20:00:00,1010.2,44.4,8.21,0.42,8.8,9.64,0.46,17.8,11.14,0.4,31.4
433,11/04/2017 20:10:00,1010.3,46.6,7.5,0.55,11.7,8.56,0.67,20.7,10.11,0.56,37.1
434,11/04/2017 20:20:00,1010.4,50.2,6.71,0.59,9.9,7.84,0.68,21.7,8.51,0.55,46.1
435,11/04/2017 20:30:00,1010.5,53.7,6.38,0.34,6.2,7.71,0.43,13.8,8.27,0.19,39.8
436,11/04/2017 20:40:00,1010.4,53.3,7.71,0.41,14.3,7.93,0.28,28.8,8.36,0.15,43.9
437,11/04/2017 20:50:00,1010.4,54.2,8.05,0.33,18.4,7.59,0.18,30.8,8.36,0.18,42.0
438,11/04/2017 21:00:00,1010.5,55.3,7.18,0.33,21.9,7.26,0.21,34.6,8.26,0.25,39.8
439,11/04/2017 21:10:00,1010.5,55.4,7.87,0.43,10.5,8.21,0.41,24.3,8.63,0.32,36.4
440,11/04/2017 21:20:00,1010.5,54.7,7.47,0.33,13.9,7.92,0.36,29.8,8.62,0.26,38.3
441,11/04/2017 21:30:00,1010.6,55.3,7.69,0.33,15.6,8.33,0.21,29.6,9.02,0.22,38.3
442,11/04/2017 21:40:00,1010.6,54.6,8.06,0.33,16.7,8.56,0.2,27.3,9.11,0.22,36.6
443,11/04/2017 21:50:00,1010.6,54.8,7.81,0.41,9.1,8.27,0.29,20.5,9.17,0.25,37.7
444,11/04/2017 22:00:00,1010.6,53.2,7.88,0.52,11.0,8.78,0.44,20.7,9.2,0.17,40.9
445,11/04/2017 22:10:00,1010.6,55.4,8.07,0.46,12.1,9.66,0.33,19.4,9.28,0.21,35.9
446,11/04/2017 22:20:00,1010.7,56.3,7.89,0.78,18.2,9.49,0.29,26.2,10.05,0.37,33.3
447,11/04/2017 22:30:00,1010.8,56.0,7.0,0.41,19.7,9.14,0.14,29.0,10.41,0.17,34.2
448,11/04/2017 22:40:00,1010.7,57.0,7.03,0.34,16.3,9.25,0.21,29.9,10.95,0.28,36.2
449,11/04/2017 22:50:00,1010.7,56.1,7.19,0.41,18.0,9.25,0.14,28.2,11.44,0.21,32.7
450,11/04/2017 23:00:00,1010.7,56.1,7.09,0.44,18.0,9.2,0.36,26.6,11.29,0.27,33.2
451,11/04/2017 23:10:00,1010.5,53.5,7.33,0.46,20.4,9.21,0.38,27.7,11.06,0.28,33.8
452,11/04/2017 23:20:00,1010.5,54.0,7.06,0.47,17.8,8.99,0.36,26.5,10.94,0.31,36.2
453,11/04/2017 23:30:00,1010.5,57.3,6.4,0.46,16.7,8.15,0.48,25.9,10.75,0.23,37.0
454,11/04/2017 23:40:00,1010.5,59.0,6.15,0.35,13.4,7.43,0.41,24.4,10.55,0.31,36.0
455,11/04/2017 23:50:00,1010.4,59.3,5.88,0.38,14.5,7.29,0.34,28.0,10.55,0.26,40.6
456,11/05/2017 00:00:00,1010.4,59.0,5.76,0.51,16.0,7.24,0.37,27.9,10.34,0.3,40.4
457,11/05/2017 00:10:00,1010.4,59.6,5.69,0.42,17.6,7.13,0.46,28.9,10.05,0.19,41.7
458,11/05/2017 00:20:00,1010.4,59.6,5.72,0.4,15.6,7.37,0.47,28.3,9.62,0.28,42.2
459,11/05/2017 00:30:00,1010.3,59.8,5.67,0.52,15.5,7.08,0.46,26.8,9.45,0.59,41.5
460,11/05/2017 00:40:00,1010.3,61.1,5.52,0.45,15.8,6.69,0.53,24.5,9.08,0.2,37.6
461,11/05/2017 00:50:00,1010.2,61.6,5.34,0.54,12.7,6.23,0.43,21.3,8.94,0.25,39.3
462,11/05/2017 01:00:00,1010.1,61.8,5.14,0.48,19.1,5.98,0.35,26.6,8.45,0.77,44.2
463,11/05/2017 01:10:00,1010.1,61.5,5.15,0.44,24.2,5.87,0.45,28.3,8.01,0.28,44.7
464,11/05/2017 01:20:00,1010.1,61.9,5.03,0.45,22.8,5.87,0.4,28.4,7.95,0.31,44.3
465,11/05/2017 01:30:00,1010.0,61.7,5.44,0.53,25.3,5.83,0.56,29.4,8.35,0.43,46.1
466,11/05/2017 01:40:00,1010.0,61.9,5.37,0.53,25.7,5.94,0.57,31.8,8.43,0.51,44.1
467,11/05/2017 01:50:00,1009.9,62.3,5.63,0.6,25.6,6.26,0.49,31.2,8.62,0.34,44.2
468,11/05/2017 02:00:00,1009.9,62.6,5.71,0.43,25.0,5.99,0.4,28.8,7.86,0.33,39.8
469,11/05/2017 02:10:00,1009.9,63.5,5.63,0.49,27.6,6.12,0.62,31.7,7.9,0.56,41.4
470,11/05/2017 02:20:00,1009.8,62.9,5.69,0.58,34.9,6.73,0.49,40.4,8.31,0.37,50.1
471,11/05/2017 02:30:00,1009.8,64.0,6.13,0.44,24.7,6.42,0.44,29.3,7.26,0.36,40.3
472,11/05/2017 02:40:00,1009.8,64.7,6.26,0.37,35.2,7.03,0.41,41.1,7.77,0.33,50.1
473,11/05/2017 02:50:00,1009.7,64.3,6.31,0.43,41.9,6.65,0.4,48.4,7.44,0.23,58.0
474,11/05/2017 03:00:00,1009.8,66.1,5.96,0.33,33.7,6.23,0.46,41.3,6.87,0.44,52.5
475,11/05/2017 03:10:00,1009.7,66.6,6.19,0.41,37.8,6.52,0.51,41.6,6.46,0.56,48.8
476,11/05/2017 03:20:00,1009.7,58.9,6.03,0.35,61.4,6.05,0.27,60.6,5.75,0.24,55.2
477,11/05/2017 03:30:00,1009.7,56.5,6.04,0.41,57.7,6.08,0.4,54.8,5.92,0.29,49.1
478,11/05/2017 03:40:00,1009.7,52.4,6.48,0.33,49.3,6.44,0.29,48.3,6.39,0.49,40.7
479,11/05/2017 03:50:00,1009.7,51.4,6.04,0.31,47.1,6.07,0.27,44.5,6.3,0.26,42.5
480,11/05/2017 04:00:00,1009.7,52.4,6.02,0.27,42.6,6.02,0.25,41.9,6.18,0.28,43.2
481,11/05/2017 04:10:00,1009.7,54.1,6.06,0.35,40.4,6.11,0.39,41.3,6.09,0.36,42.6
482,11/05/2017 04:20:00,1009.7,52.5,6.55,0.3,35.8,6.5,0.29,36.8,6.41,0.35,40.7
483,11/05/2017 04:30:00,1009.8,52.6,6.16,0.52,34.1,6.16,0.46,36.7,6.03,0.48,42.0
484,11/05/2017 04:40:00,1009.8,53.3,6.65,0.61,31.1,6.68,0.65,32.3,6.58,0.54,36.1
485,11/05/2017 04:50:00,1009.9,55.1,7.07,0.49,30.3,7.19,0.51,31.3,7.16,0.46,34.5
486,11/05/2017 05:00:00,1009.9,54.9,6.91,0.45,36.1,6.9,0.51,37.5,6.93,0.58,48.7
487,11/05/2017 05:10:00,1009.9,53.8,7.29,0.47,32.2,7.27,0.43,33.3,7.31,0.67,38.5
488,11/05/2017 05:20:00,1010.0,53.6,6.95,0.34,37.0,6.91,0.35,38.9,6.9,0.47,49.1
489,11/05/2017 05:30:00,1010.1,54.2,6.99,0.41,33.9,7.08,0.45,34.5,7.05,0.54,43.2
490,11/05/2017 05:40:00,1010.2,55.1,7.08,0.46,34.5,7.01,0.45,38.4,7.16,0.53,51.3
491,11/05/2017 05:50:00,1010.3,55.6,7.29,0.38,37.3,7.26,0.42,40.1,7.31,0.34,51.6
492,11/05/2017 06:00:00,1010.4,55.7,7.08,0.45,42.6,7.18,0.44,45.6,7.54,0.45,56.0
493,11/05/2017 06:10:00,1010.5,55.8,7.54,0.5,40.9,7.54,0.5,43.1,7.9,0.41,57.0
494,11/05/2017 06:20:00,1010.6,58.1,7.32,0.46,42.2,7.36,0.42,47.0,7.71,0.3,58.0
495,11/05/2017 06:30:00,1010.7,58.7,7.57,0.36,36.9,7.57,0.29,40.7,7.49,0.29,53.3
496,11/05/2017 06:40:00,1010.8,59.2,7.46,0.36,42.2,7.47,0.26,47.3,7.61,0.27,59.7
497,11/05/2017 06:50:00,1010.8,59.2,7.51,0.4,41.2,7.43,0.27,47.1,7.46,0.26,57.1
498,11/05/2017 07:00:00,1010.9,59.8,7.67,0.28,43.6,7.5,0.31,48.0,7.41,0.36,54.6
499,11/05/2017 07:10:00,1011.0,59.7,7.2,0.34,43.0,7.14,0.34,48.6,7.22,0.3,57.1
500,11/05/2017 07:20:00,1011.2,59.0,6.94,0.37,39.7,7.09,0.34,44.3,7.3,0.29,51.4
501,11/05/2017 07:30:00,1011.3,58.3,6.62,0.42,32.4,6.65,0.38,36.4,6.75,0.45,43.0
502,11/05/2017 07:40:00,1011.4,52.1,6.69,0.43,49.5,6.86,0.38,50.1,7.0,0.36,51.1
503,11/05/2017 07:50:00,1011.5,48.7,7.53,0.37,54.0,7.56,0.34,53.2,7.62,0.43,53.3
504,11/05/2017 08:00:00,1011.6,49.0,7.67,0.45,53.8,7.7,0.39,54.1,7.68,0.43,55.3
505,11/05/2017 08:10:00,1011.7,50.4,7.55,0.32,50.9,7.63,0.29,51.9,7.62,0.31,53.6
506,11/05/2017 08:20:00,1011.8,50.4,7.56,0.55,45.2,7.59,0.52,46.6,7.66,0.36,48.2
507,11/05/2017 08:30:00,1012.0,49.1,7.65,0.46,38.8,7.67,0.49,39.2,7.72,0.47,42.0
508,11/05/2017 08:40:00,1012.1,53.8,7.78,0.42,24.9,7.79,0.42,26.5,7.47,0.53,31.1
509,11/05/2017 08:50:00,1012.1,53.8,7.81,0.45,23.5,7.71,0.46,27.2,7.4,0.47,35.0
510,11/05/2017 09:00:00,1012.2,52.6,7.27,0.4,29.7,6.99,0.44,32.7,7.1,0.47,37.4
511,11/05/2017 09:10:00,1012.3,52.0,6.99,0.82,34.6,7.1,1.02,35.4,7.21,1.12,36.6
512,11/05/2017 09:20:00,1012.4,51.8,7.22,0.69,34.1,7.21,0.69,35.3,7.23,0.83,37.0
513,11/05/2017 09:30:00,1012.4,52.6,7.3,0.71,35.4,7.29,0.76,36.4,7.2,0.76,38.1
514,11/05/2017 09:40:00,1012.4,54.0,6.89,0.47,34.4,6.91,0.5,33.9,6.99,0.69,34.1
515,11/05/2017 09:50:00,1012.4,55.2,7.24,0.48,32.7,7.33,0.48,34.0,7.41,0.55,35.2
516,11/05/2017 10:00:00,1012.4,55.6,7.04,0.46,41.0,7.11,0.57,41.1,7.24,0.63,41.4
517,11/05/2017 10:10:00,1012.3,52.6,7.3,0.44,46.4,7.28,0.49,45.7,7.27,0.62,43.5
518,11/05/2017 10:20:00,1012.3,54.4,7.31,0.51,53.8,7.32,0.6,53.1,7.36,0.5,50.8
519,11/05/2017 10:30:00,1012.2,55.1,7.74,0.47,52.9,7.76,0.44,52.6,7.79,0.4,51.8
520,11/05/2017 10:40:00,1012.0,55.7,7.9,0.54,58.5,7.98,0.47,58.3,8.02,0.44,57.9
521,11/05/2017 10:50:00,1011.9,54.2,8.27,0.5,59.3,8.32,0.4,60.2,8.35,0.3,61.5
522,11/05/2017 11:00:00,1011.7,53.6,8.4,0.62,56.7,8.41,0.58,57.3,8.83,0.38,57.2
523,11/05/2017 11:10:00,1011.6,51.3,8.35,0.49,54.5,8.29,0.51,55.1,8.62,0.42,56.6
524,11/05/2017 11:20:00,1011.5,49.4,8.14,0.37,54.2,8.29,0.38,54.9,8.68,0.45,58.6
525,11/05/2017 11:30:00,1011.3,49.5,7.73,0.49,57.3,7.78,0.46,58.4,8.28,0.58,61.4
526,11/05/2017 11:40:00,1011.1,50.3,7.29,0.59,57.0,7.6,0.44,55.9,7.52,0.31,65.4
527,11/05/2017 11:50:00,1011.0,51.3,7.04,0.42,55.5,7.1,0.47,57.4,7.4,0.33,64.4
528,11/05/2017 12:00:00,1010.7,51.1,7.06,0.48,56.5,7.18,0.42,56.8,7.41,0.41,63.6
529,11/05/2017 12:10:00,1010.5,51.3,7.0,0.48,54.8,7.04,0.45,55.1,7.14,0.33,59.7
530,11/05/2017 12:20:00,1010.4,51.0,6.4,0.39,52.0,6.45,0.41,54.2,6.81,0.33,60.2
531,11/05/2017 12:30:00,1010.3,51.2,6.0,0.43,55.5,6.05,0.43,58.7,6.75,0.38,62.4
532,11/05/2017 12:40:00,1010.1,49.5,5.94,0.35,57.1,6.08,0.36,58.9,6.64,0.37,62.0
533,11/05/2017 12:50:00,1009.9,50.8,6.09,0.32,54.9,5.99,0.31,56.2,6.04,0.44,59.4
534,11/05/2017 13:00:00,1009.8,48.1,6.23,0.33,55.8,6.17,0.32,55.3,6.44,0.3,55.8
535,11/05/2017 13:10:00,1009.7,49.8,5.74,0.49,51.7,5.76,0.43,52.3,6.48,0.46,53.8
536,11/05/2017 13:20:00,1009.5,46.5,6.36,0.41,54.3,6.42,0.4,54.0,6.7,0.47,53.8
537,11/05/2017 13:30:00,1009.4,49.8,5.58,0.42,55.2,5.64,0.45,56.9,6.02,0.45,57.7
538,11/05/2017 13:40:00,1009.3,44.5,6.34,0.49,55.1,6.39,0.41,55.5,6.68,0.4,58.2
539,11/05/2017 13:50:00,1009.2,44.5,6.03,0.46,54.8,6.07,0.45,55.9,6.56,0.48,56.9
540,11/05/2017 14:00:00,1009.1,44.1,6.03,0.42,53.4,6.0,0.5,55.5,6.14,0.47,57.0
541,11/05/2017 14:10:00,1009.1,44.0,6.11,0.38,53.5,6.24,0.4,56.3,6.39,0.44,58.9
542,11/05/2017 14:20:00,1008.9,43.1,6.11,0.41,55.5,6.16,0.39,55.6,6.39,0.41,56.5
543,11/05/2017 14:30:00,1008.8,41.1,6.13,0.43,58.4,6.21,0.44,58.4,6.4,0.43,57.2
544,11/05/2017 14:40:00,1008.7,39.1,6.16,0.38,56.5,6.36,0.49,55.7,6.4,0.57,54.7
545,11/05/2017 14:50:00,1008.5,40.6,5.93,0.44,54.9,6.02,0.43,54.1,6.36,0.46,53.6
546,11/05/2017 15:00:00,1008.5,37.7,6.18,0.7,55.1,6.39,0.67,54.4,6.67,0.58,52.3
547,11/05/2017 15:10:00,1008.4,38.8,5.91,0.44,52.0,5.99,0.48,51.8,6.32,0.58,51.3
548,11/05/2017 15:20:00,1008.4,38.0,6.02,0.43,48.2,6.21,0.41,47.1,6.46,0.41,46.9
549,11/05/2017 15:30:00,1008.4,37.8,5.95,0.35,47.7,6.03,0.44,47.3,6.43,0.42,44.7
550,11/05/2017 15:40:00,1008.5,38.0,5.73,0.36,45.7,5.76,0.38,44.5,6.12,0.31,43.1
551,11/05/2017 15:50:00,1008.6,39.6,5.58,0.36,51.3,5.64,0.35,49.4,5.85,0.3,47.0
552,11/05/2017 16:00:00,1008.6,41.0,5.35,0.3,55.8,5.61,0.32,54.3,5.88,0.29,50.5
553,11/05/2017 16:10:00,1008.7,40.8,5.41,0.36,52.5,5.55,0.34,51.0,5.89,0.3,46.0
554,11/05/2017 16:20:00,1008.7,42.8,5.06,0.28,44.1,5.3,0.27,42.4,6.27,0.28,34.2
555,11/05/2017 16:30:00,1008.8,43.5,4.95,0.37,45.5,5.07,0.27,43.0,6.15,0.23,34.7
556,11/05/2017 16:40:00,1008.9,42.9,4.73,0.24,46.0,5.14,0.21,42.8,6.16,0.29,33.8
557,11/05/2017 16:50:00,1008.9,43.8,4.81,0.22,44.7,5.22,0.19,42.2,5.96,0.19,34.4
558,11/05/2017 17:00:00,1009.0,45.0,4.75,0.22,38.7,5.06,0.22,37.0,5.76,0.19,30.4
559,11/05/2017 17:10:00,1009.2,47.0,4.71,0.31,41.5,4.9,0.33,40.1,5.69,0.21,33.8
560,11/05/2017 17:20:00,1009.3,46.6,4.93,0.19,43.4,5.28,0.17,40.7,5.97,0.21,33.5
561,11/05/2017 17:30:00,1009.3,47.9,4.9,0.2,40.5,5.32,0.13,37.8,5.91,0.18,31.9
562,11/05/2017 17:40:00,1009.4,48.5,4.7,0.2,39.8,5.13,0.16,36.1,6.03,0.22,31.2
563,11/05/2017 17:50:00,1009.5,49.0,4.8,0.21,34.7,5.44,0.31,31.0,6.39,0.32,28.7
564,11/05/2017 18:00:00,1009.5,49.9,5.01,0.31,29.8,5.74,0.37,28.7,6.69,0.36,27.0
565,11/05/2017 18:10:00,1009.6,49.6,5.46,0.25,29.0,6.36,0.24,27.1,7.21,0.24,24.8
566,11/05/2017 18:20:00,1009.7,50.5,5.66,0.29,26.1,6.39,0.27,24.0,7.1,0.23,23.6
567,11/05/2017 18:30:00,1009.7,50.9,6.9,0.5,20.2,7.23,0.29,21.2,7.07,0.22,20.9
568,11/05/2017 18:40:00,1009.7,50.3,7.19,0.21,19.1,7.28,0.19,19.3,7.23,0.26,20.8
569,11/05/2017 18:50:00,1009.8,50.7,7.17,0.25,17.4,7.35,0.18,16.7,7.51,0.28,20.7
570,11/05/2017 19:00:00,1009.9,51.3,6.89,0.33,16.3,7.2,0.24,15.2,7.82,0.44,19.2
571,11/05/2017 19:10:00,1010.0,48.8,7.03,0.19,12.7,7.56,0.2,15.4,8.22,0.23,20.0
572,11/05/2017 19:20:00,1010.1,49.9,6.64,0.29,13.7,7.18,0.15,15.5,8.16,0.28,22.0
573,11/05/2017 19:30:00,1010.2,56.5,6.6,0.35,9.7,7.22,0.31,13.7,8.36,0.26,21.4
574,11/05/2017 19:40:00,1010.3,53.7,6.93,0.22,10.5,7.43,0.16,14.8,8.19,0.27,23.9
575,11/05/2017 19:50:00,1010.4,53.0,6.78,0.27,7.4,7.66,0.2,15.0,8.39,0.23,24.7
576,11/05/2017 20:00:00,1010.5,54.9,6.67,0.4,6.2,7.61,0.28,15.4,8.39,0.24,28.1
577,11/05/2017 20:10:00,1010.6,54.6,6.87,0.29,7.8,7.71,0.18,17.2,8.22,0.22,30.0
578,11/05/2017 20:20:00,1010.6,55.0,7.01,0.29,7.2,7.84,0.3,18.3,8.31,0.37,31.0
579,11/05/2017 20:30:00,1010.6,56.4,6.65,0.44,4.7,7.16,0.53,13.8,8.07,0.62,26.0
580,11/05/2017 20:40:00,1010.7,55.4,6.83,0.42,2.4,7.11,0.24,9.5,8.08,0.44,20.5
581,11/05/2017 20:50:00,1010.7,54.9,6.86,0.48,6.4,7.28,0.3,10.1,7.98,0.21,20.1
582,11/05/2017 21:00:00,1010.6,53.5,6.95,0.33,9.2,7.82,0.4,14.9,8.24,0.23,22.5
583,11/05/2017 21:10:00,1010.6,52.3,7.6,0.37,7.9,8.13,0.36,11.2,8.81,0.34,22.9
584,11/05/2017 21:20:00,1010.7,52.3,7.45,0.48,6.8,8.34,0.51,13.0,9.32,0.23,26.3
585,11/05/2017 21:30:00,1010.7,51.7,7.35,0.44,10.0,8.56,0.58,12.7,9.61,0.23,25.9
586,11/05/2017 21:40:00,1010.7,52.2,7.5,0.51,7.9,8.87,0.33,12.7,9.27,0.22,28.0
587,11/05/2017 21:50:00,1010.6,53.5,8.22,0.42,4.8,9.23,0.24,16.8,9.39,0.23,29.7
588,11/05/2017 22:00:00,1010.6,53.3,7.68,0.46,4.0,9.03,0.28,13.9,9.39,0.31,28.5
589,11/05/2017 22:10:00,1010.8,55.7,7.06,0.51,4.8,8.56,0.43,11.8,9.49,0.29,25.0
590,11/05/2017 22:20:00,1010.8,54.7,7.46,0.55,3.4,8.48,0.45,10.3,9.65,0.24,23.8
591,11/05/2017 22:30:00,1010.8,52.5,7.34,0.52,3.3,8.28,0.44,10.0,9.81,0.31,24.2
592,11/05/2017 22:40:00,1010.8,53.1,7.5,0.62,5.4,8.76,0.55,10.0,10.34,0.32,23.0
593,11/05/2017 22:50:00,1010.8,54.1,7.5,0.46,7.0,8.92,0.45,14.2,10.87,0.43,25.5
594,11/05/2017 23:00:00,1010.7,53.7,7.52,0.62,8.8,9.15,0.5,15.4,11.22,0.23,27.7
595,11/05/2017 23:10:00,1010.6,52.3,7.9,0.64,11.5,9.26,0.56,17.3,10.89,0.26,27.8
596,11/05/2017 23:20:00,1010.5,52.8,7.56,0.57,13.3,9.06,0.6,19.9,10.4,0.18,26.9
597,11/05/2017 23:30:00,1010.5,54.6,6.94,0.53,13.5,8.52,0.7,19.8,10.42,0.28,28.2
598,11/05/2017 23:40:00,1010.4,56.0,7.54,0.52,14.7,9.33,0.56,23.7,10.64,0.17,28.8
599,11/05/2017 23:50:00,1010.3,57.7,8.2,0.77,14.5,10.02,0.95,23.0,11.16,0.24,27.1
600,11/06/2017 00:00:00,1010.2,55.7,8.66,0.55,13.9,10.5,0.64,23.7,11.06,0.17,26.5
601,11/06/2017 00:10:00,1010.2,55.5,8.55,0.54,11.9,10.33,0.43,22.1,11.11,0.19,26.8
602,11/06/2017 00:20:00,1010.2,55.7,8.09,0.54,9.3,9.73,0.47,19.6,11.02,0.26,27.5
603,11/06/2017 00:30:00,1010.2,56.2,7.58,0.54,6.7,8.97,0.38,16.6,10.51,0.25,27.4
604,11/06/2017 00:40:00,1010.2,55.3,7.24,0.52,6.6,8.27,0.55,16.0,10.09,0.24,28.7
605,11/06/2017 00:50:00,1010.2,56.6,6.53,0.63,7.7,7.25,0.52,13.4,9.81,0.18,30.9
606,11/06/2017 01:00:00,1010.2,58.3,6.34,0.64,8.9,7.35,0.53,14.9,9.81,0.21,30.9
607,11/06/2017 01:10:00,1010.2,59.8,5.85,0.53,8.5,6.8,0.6,15.6,9.69,0.21,31.6
608,11/06/2017 01:20:00,1010.1,59.0,6.03,0.54,11.5,6.94,0.53,17.5,9.7,0.24,33.8
609,11/06/2017 01:30:00,1010.0,59.1,5.78,0.61,9.4,6.57,0.58,16.2,9.35,0.25,35.3
610,11/06/2017 01:40:00,1010.0,59.1,5.89,0.48,11.4,6.63,0.42,18.9,9.36,0.22,37.4
611,11/06/2017 01:50:00,1009.9,58.4,5.49,0.54,13.9,6.27,0.56,21.4,9.15,0.24,39.3
612,11/06/2017 02:00:00,1009.8,60.7,5.37,0.4,15.3,5.76,0.49,23.1,8.37,0.36,37.9
613,11/06/2017 02:10:00,1009.8,60.3,5.52,0.64,22.4,6.21,0.71,28.8,8.68,0.26,43.5
614,11/06/2017 02:20:00,1009.8,59.6,5.77,0.47,25.5,6.56,0.44,31.0,8.75,0.21,48.5
615,11/06/2017 02:30:00,1009.7,59.8,5.72,0.41,26.1,6.25,0.43,31.8,8.5,0.24,48.9
616,11/06/2017 02:40:00,1009.7,61.7,5.3,0.59,30.4,5.88,0.41,34.3,7.95,0.36,48.0
617,11/06/2017 02:50:00,1009.7,62.7,5.74,0.58,28.4,6.07,0.5,31.4,7.46,0.42,43.7
618,11/06/2017 03:00:00,1009.6,61.8,6.24,0.51,23.6,6.26,0.45,25.6,6.89,0.41,34.6
619,11/06/2017 03:10:00,1009.5,62.1,6.09,0.41,21.3,6.18,0.41,24.9,6.87,0.41,40.8
620,11/06/2017 03:20:00,1009.5,61.1,6.72,0.41,21.2,6.73,0.38,24.9,6.91,0.55,38.8
621,11/06/2017 03:30:00,1009.4,63.6,6.61,0.47,25.9,7.03,0.36,29.8,7.76,0.23,47.7
622,11/06/2017 03:40:00,1009.5,65.4,6.6,0.49,24.6,6.74,0.4,29.4,7.52,0.36,44.9
623,11/06/2017 03:50:00,1009.5,65.2,6.48,0.52,24.4,6.67,0.45,29.7,7.45,0.42,45.1
624,11/06/2017 04:00:00,1009.5,67.4,6.49,0.47,23.5,6.44,0.4,26.3,7.11,0.37,41.1
625,11/06/2017 04:10:00,1009.5,66.0,6.53,0.38,18.1,6.43,0.36,24.4,7.31,0.33,42.8
626,11/06/2017 04:20:00,1009.5,66.2,6.75,0.35,17.5,6.81,0.38,24.8,7.38,0.31,43.2
627,11/06/2017 04:30:00,1009.6,66.3,6.67,0.39,19.8,6.81,0.3,28.1,7.5,0.21,44.1
628,11/06/2017 04:40:00,1009.7,64.1,6.95,0.31,17.1,6.76,0.3,24.6,7.36,0.31,41.5
629,11/06/2017 04:50:00,1009.7,62.3,7.01,0.5,15.6,6.92,0.45,20.6,7.07,0.26,38.8
630,11/06/2017 05:00:00,1009.8,62.4,7.25,0.38,17.5,7.17,0.36,23.7,7.34,0.36,38.6
631,11/06/2017 05:10:00,1009.9,62.4,7.49,0.38,18.4,7.32,0.38,22.6,7.45,0.43,37.2
632,11/06/2017 05:20:00,1010.0,64.0,7.3,0.36,20.4,7.21,0.31,25.8,8.34,0.29,40.2
633,11/06/2017 05:30:00,1010.0,64.5,7.25,0.37,19.8,7.51,0.34,27.8,9.2,0.28,38.1
634,11/06/2017 05:40:00,1010.0,64.9,7.68,0.41,14.2,7.67,0.36,19.1,8.97,0.52,34.9
635,11/06/2017 05:50:00,1010.2,65.3,7.58,0.44,13.3,7.76,0.43,19.1,8.84,0.36,33.6
636,11/06/2017 06:00:00,1010.2,65.7,7.93,0.55,16.8,8.11,0.48,21.5,9.45,0.3,37.7
637,11/06/2017 06:10:00,1010.3,66.2,8.01,0.47,13.8,8.12,0.43,18.3,9.26,0.38,35.0
638,11/06/2017 06:20:00,1010.4,67.1,8.14,0.41,14.9,8.2,0.43,20.2,9.43,0.29,37.6
639,11/06/2017 06:30:00,1010.6,66.8,7.93,0.42,18.9,8.38,0.6,24.9,9.48,0.21,37.9
640,11/06/2017 06:40:00,1010.7,65.2,8.36,0.43,23.4,8.98,0.35,30.5,9.71,0.17,40.9
641,11/06/2017 06:50:00,1010.8,65.4,8.27,0.38,22.1,8.83,0.43,29.1,9.85,0.25,39.7
642,11/06/2017 07:00:00,1010.8,67.0,8.09,0.43,22.6,8.85,0.52,31.1,9.83,0.26,40.2
643,11/06/2017 07:10:00,1010.9,66.8,8.21,0.36,23.5,9.2,0.25,33.7,10.02,0.18,41.1
644,11/06/2017 07:20:00,1011.0,67.0,8.12,0.39,22.2,9.18,0.32,30.4,10.01,0.19,40.3
645,11/06/2017 07:30:00,1011.2,66.7,8.51,0.37,22.2,9.5,0.34,30.9,10.34,0.25,39.9
646,11/06/2017 07:40:00,1011.3,66.7,8.51,0.33,20.9,9.52,0.21,31.7,10.3,0.18,39.4
647,11/06/2017 07:50:00,1011.4,66.7,8.47,0.38,16.5,9.14,0.26,26.6,10.21,0.23,39.7
648,11/06/2017 08:00:00,1011.5,67.1,8.62,0.44,16.7,9.48,0.26,27.8,10.27,0.19,39.7
649,11/06/2017 08:10:00,1011.6,66.8,8.91,0.45,17.4,9.69,0.24,26.7,10.4,0.18,39.5
650,11/06/2017 08:20:00,1011.8,66.4,8.95,0.44,18.5,9.62,0.29,26.3,10.43,0.19,40.5
651,11/06/2017 08:30:00,1011.9,66.3,8.84,0.38,19.0,9.51,0.35,28.0,10.49,0.19,42.1
652,11/06/2017 08:40:00,1012.1,66.9,8.5,0.38,20.2,8.94,0.32,28.1,10.47,0.24,44.8
653,11/06/2017 08:50:00,1012.2,68.1,8.78,0.47,22.5,9.3,0.44,28.4,10.55,0.24,44.2
654,11/06/2017 09:00:00,1012.3,67.8,8.76,0.47,25.4,9.6,0.47,33.3,10.52,0.24,44.6
655,11/06/2017 09:10:00,1012.4,67.9,8.57,0.49,27.1,9.38,0.47,32.4,10.48,0.23,44.5
656,11/06/2017 09:20:00,1012.5,66.6,8.88,0.5,30.5,9.58,0.42,35.7,10.36,0.24,45.9
657,11/06/2017 09:30:00,1012.5,64.5,9.07,0.44,30.9,9.48,0.4,34.1,10.26,0.23,44.0
658,11/06/2017 09:40:00,1012.5,65.0,8.82,0.51,30.0,9.2,0.47,33.6,10.05,0.36,42.1
659,11/06/2017 09:50:00,1012.5,64.7,8.88,0.58,31.5,9.38,0.52,36.7,9.65,0.45,43.3
660,11/06/2017 10:00:00,1012.5,55.3,9.16,0.52,39.3,9.3,0.4,39.9,9.34,0.35,40.5
661,11/06/2017 10:10:00,1012.4,54.9,8.89,0.52,41.3,8.98,0.49,41.8,9.07,0.46,43.8
662,11/06/2017 10:20:00,1012.4,54.4,9.05,0.52,38.6,9.0,0.49,39.4,8.93,0.49,41.8
663,11/06/2017 10:30:00,1012.3,53.8,8.53,0.43,40.1,8.64,0.49,39.7,8.6,0.45,41.0
664,11/06/2017 10:40:00,1012.2,54.5,8.23,0.44,37.1,8.28,0.41,39.2,8.16,0.36,43.2
665,11/06/2017 10:50:00,1012.1,55.7,7.95,0.49,37.6,8.01,0.43,39.2,7.93,0.36,43.9
666,11/06/2017 11:00:00,1012.0,56.1,7.36,0.46,38.8,7.46,0.52,40.4,7.66,0.44,44.0
667,11/06/2017 11:10:00,1011.8,56.3,7.3,0.48,37.4,7.35,0.43,38.9,7.48,0.33,42.3
668,11/06/2017 11:20:00,1011.7,56.9,7.36,0.47,34.2,7.4,0.56,35.9,7.52,0.44,41.2
669,11/06/2017 11:30:00,1011.6,57.8,7.31,0.52,36.3,7.38,0.49,37.3,7.55,0.44,42.2
670,11/06/2017 11:40:00,1011.5,57.2,7.4,0.46,36.8,7.52,0.41,39.7,7.78,0.5,42.5
671,11/06/2017 11:50:00,1011.3,57.3,7.4,0.43,35.8,7.43,0.43,37.9,7.48,0.48,42.7
672,11/06/2017 12:00:00,1011.1,58.8,6.98,0.51,36.3,7.08,0.46,39.2,7.22,0.48,44.0
673,11/06/2017 12:10:00,1011.0,59.1,6.98,0.49,36.5,7.07,0.46,38.0,7.15,0.44,41.9
674,11/06/2017 12:20:00,1010.8,59.6,6.51,0.47,37.2,6.49,0.48,39.7,6.7,0.46,43.8
675,11/06/2017 12:30:00,1010.7,59.4,6.13,0.45,38.4,6.38,0.51,38.8,6.64,0.5,43.3
676,11/06/2017 12:40:00,1010.5,60.0,6.17,0.44,37.3,6.13,0.36,39.9,6.41,0.47,44.9
677,11/06/2017 12:50:00,1010.3,53.8,6.18,0.44,47.0,6.22,0.46,45.4,6.12,0.52,44.4
678,11/06/2017 13:00:00,1010.2,53.2,6.01,0.43,42.6,6.1,0.36,43.0,6.3,0.39,43.9
679,11/06/2017 13:10:00,1010.0,52.6,6.07,0.3,40.7,6.06,0.3,42.0,5.91,0.35,44.2
680,11/06/2017 13:20:00,1009.8,52.4,5.77,0.37,39.0,5.91,0.36,40.8,5.86,0.44,44.2
681,11/06/2017 13:30:00,1009.7,51.3,5.6,0.58,42.8,5.76,0.46,43.0,5.94,0.35,43.5
682,11/06/2017 13:40:00,1009.5,49.2,5.89,0.37,39.9,5.98,0.34,40.2,5.95,0.34,43.0
683,11/06/2017 13:50:00,1009.4,50.6,5.72,0.33,43.1,5.67,0.32,43.0,5.79,0.34,44.1
684,11/06/2017 14:00:00,1009.3,52.8,5.46,0.44,41.2,5.48,0.36,42.2,5.77,0.43,43.1
685,11/06/2017 14:10:00,1009.2,52.7,5.36,0.44,43.5,5.57,0.46,43.7,5.67,0.4,43.7
686,11/06/2017 14:20:00,1009.1,50.8,5.58,0.35,41.8,5.56,0.25,41.6,5.63,0.32,40.2
687,11/06/2017 14:30:00,1009.0,51.3,5.26,0.44,42.9,5.41,0.42,41.6,5.52,0.42,40.7
688,11/06/2017 14:40:00,1008.9,52.5,4.86,0.39,42.4,4.96,0.39,41.2,4.98,0.36,43.0
689,11/06/2017 14:50:00,1008.8,52.3,4.8,0.35,40.5,4.89,0.38,40.9,5.1,0.34,43.7
690,11/06/2017 15:00:00,1008.8,50.9,4.6,0.35,38.7,4.56,0.32,39.5,4.68,0.32,41.8
691,11/06/2017 15:10:00,1008.8,50.6,4.56,0.37,42.9,4.63,0.33,43.5,4.79,0.4,42.6
692,11/06/2017 15:20:00,1008.8,48.5,4.56,0.35,42.0,4.56,0.3,43.1,4.71,0.34,43.1
693,11/06/2017 15:30:00,1008.8,48.4,4.61,0.29,39.2,4.61,0.24,39.7,4.79,0.28,40.9
694,11/06/2017 15:40:00,1008.9,49.0,4.15,0.37,37.5,4.27,0.27,38.2,4.41,0.27,39.5
695,11/06/2017 15:50:00,1008.9,47.7,4.27,0.3,37.0,4.32,0.25,35.9,4.48,0.37,37.0
696,11/06/2017 16:00:00,1008.9,47.2,3.83,0.37,40.3,4.02,0.29,41.7,4.75,0.26,45.5
697,11/06/2017 16:10:00,1008.9,46.1,3.61,0.24,42.8,4.0,0.29,44.0,4.8,0.26,49.0
698,11/06/2017 16:20:00,1008.9,46.3,3.5,0.3,43.7,3.76,0.22,44.6,4.61,0.25,52.2
699,11/06/2017 16:30:00,1009.0,46.7,3.55,0.24,37.7,3.61,0.23,36.7,4.46,0.24,41.9
700,11/06/2017 16:40:00,1009.1,49.8,3.32,0.21,34.0,3.4,0.16,32.1,4.48,0.25,39.1
701,11/06/2017 16:50:00,1009.1,50.7,3.05,0.25,35.8,3.27,0.2,31.6,4.27,0.31,48.1
702,11/06/2017 17:00:00,1009.1,54.2,3.11,0.26,31.8,3.52,0.37,31.3,4.09,0.28,54.8
703,11/06/2017 17:10:00,1009.2,60.7,3.04,0.22,27.0,3.55,0.14,31.1,3.89,0.27,52.6
704,11/06/2017 17:20:00,1009.3,62.4,2.72,0.18,27.9,3.59,0.16,39.7,3.69,0.25,53.9
705,11/06/2017 17:30:00,1009.3,62.9,2.54,0.18,32.4,3.58,0.16,44.8,3.53,0.28,55.7
706,11/06/2017 17:40:00,1009.4,63.3,2.62,0.15,37.8,3.64,0.21,49.4,3.46,0.28,59.0
707,11/06/2017 17:50:00,1009.5,64.0,2.41,0.11,32.7,3.47,0.15,46.9,3.4,0.32,54.3
708,11/06/2017 18:00:00,1009.6,65.6,2.29,0.15,34.9,3.49,0.11,52.6,3.15,0.3,56.0
709,11/06/2017 18:10:00,1009.7,65.6,2.58,0.11,35.3,3.32,0.14,49.0,2.79,0.33,56.1
710,11/06/2017 18:20:00,1009.8,65.9,2.54,0.12,33.1,3.22,0.23,46.4,2.63,0.31,52.0
711,11/06/2017 18:30:00,1009.9,66.0,2.47,0.13,29.7,2.85,0.12,44.6,2.47,0.28,47.3
712,11/06/2017 18:40:00,1010.0,64.7,2.6,0.14,33.9,2.6,0.14,42.7,2.21,0.28,45.1
713,11/06/2017 18:50:00,1010.1,66.3,2.45,0.14,28.3,2.35,0.15,37.7,2.04,0.31,41.9
714,11/06/2017 19:00:00,1010.2,67.5,2.57,0.13,27.4,2.57,0.16,31.6,2.39,0.31,34.4
715,11/06/2017 19:10:00,1010.3,65.3,2.48,0.16,33.1,2.51,0.18,33.2,2.22,0.32,35.5
716,11/06/2017 19:20:00,1010.4,64.8,2.6,0.17,39.0,2.54,0.12,35.3,2.27,0.34,40.5
717,11/06/2017 19:30:00,1010.5,65.9,2.43,0.22,41.0,2.38,0.19,33.7,2.1,0.36,38.6
718,11/06/2017 19:40:00,1010.6,50.8,2.52,0.2,37.0,2.44,0.16,30.0,2.36,0.35,39.6
719,11/06/2017 19:50:00,1010.7,45.1,2.51,0.18,39.0,2.3,0.15,29.7,2.43,0.34,38.0
720,11/06/2017 20:00:00,1010.8,50.1,2.48,0.18,37.6,2.34,0.2,30.3,2.17,0.35,38.3
721,11/06/2017 20:10:00,1010.9,54.5,3.02,0.26,31.6,2.63,0.1,29.6,2.44,0.34,30.3
722,11/06/2017 20:20:00,1010.9,48.3,2.84,0.17,33.6,2.8,0.15,28.7,2.3,0.32,29.6
723,11/06/2017 20:30:00,1011.0,42.7,2.58,0.15,36.3,2.92,0.08,26.8,2.73,0.31,23.1
724,11/06/2017 20:40:00,1011.0,43.0,2.67,0.14,33.7,3.03,0.12,27.6,3.3,0.22,24.6
725,11/06/2017 20:50:00,1011.0,45.7,2.86,0.14,30.2,2.97,0.08,28.1,3.75,0.22,23.8
726,11/06/2017 21:00:00,1011.1,49.8,2.81,0.13,29.8,3.29,0.22,26.8,3.83,0.26,22.2
727,11/06/2017 21:10:00,1011.2,52.8,2.63,0.24,34.0,3.54,0.17,24.6,3.83,0.26,19.6
728,11/06/2017 21:20:00,1011.2,52.5,2.71,0.16,28.2,3.7,0.15,18.5,3.92,0.25,19.0
729,11/06/2017 21:30:00,1011.2,52.2,3.05,0.29,31.1,3.65,0.21,20.3,4.01,0.45,19.6
730,11/06/2017 21:40:00,1011.2,53.2,2.79,0.21,23.2,3.83,0.12,17.1,4.37,0.26,19.8
731,11/06/2017 21:50:00,1011.2,57.8,2.74,0.32,17.8,3.87,0.12,11.0,4.38,0.23,13.6
732,11/06/2017 22:00:00,1011.2,57.3,3.59,0.51,7.3,4.16,0.17,8.7,4.94,0.33,7.4
733,11/06/2017 22:10:00,1011.2,59.0,3.88,0.18,356.8,4.03,0.15,6.3,4.86,0.21,3.0
734,11/06/2017 22:20:00,1011.2,69.6,3.01,0.4,1.0,3.49,0.44,9.2,4.28,0.37,8.9
735,11/06/2017 22:30:00,1011.3,73.8,2.52,0.24,15.8,2.92,0.25,21.2,3.81,0.25,14.7
736,11/06/2017 22:40:00,1011.2,71.5,2.81,0.29,4.3,3.84,0.42,14.1,4.57,0.35,9.4
737,11/06/2017 22:50:00,1011.1,51.0,3.23,0.17,2.0,3.7,0.26,5.6,4.89,0.29,0.8
738,11/06/2017 23:00:00,1011.1,71.3,1.88,0.38,335.1,3.54,0.29,1.4,4.68,0.33,357.5
739,11/06/2017 23:10:00,1011.0,72.3,2.45,0.27,351.9,3.53,0.11,0.4,5.3,0.28,359.0
740,11/06/2017 23:20:00,1011.0,72.2,2.17,0.26,3.6,3.45,0.18,13.4,4.74,0.48,3.4
741,11/06/2017 23:30:00,998.0,998.0,998.0,998.0,998.0,998.0,998.0,998.0,998.0,998.0,998.0
742,11/06/2017 23:40:00,998.0,998.0,998.0,998.0,998.0,998.0,998.0,998.0,998.0,998.0,998.0
743,11/06/2017 23:50:00,998.0,998.0,998.0,998.0,998.0,998.0,998.0,998.0,998.0,998.0,998.0
